Year,City,Vehicle Type,Converted,Diesel,Electric,Flexible,Gasoline,Hybrid,Natural Gas,Other,Plug In Hybrid,Propane,TOTAL
2019,ALPINE,Motorcycle - Standard,0,0,0,0,371,0,0,0,0,0,371
2019,ALPINE,Passenger - Low Speed,0,0,2,0,0,0,0,0,0,0,2
2019,ALPINE,Passenger - Standard,1,51,41,149,4156,158,6,0,21,0,4583
2019,ALPINE,Light Truck,1,414,17,457,2999,49,1,0,6,0,3944
2019,ALPINE,Heavy Truck,0,70,0,1,26,0,0,0,0,0,97
2019,ALTA,Motorcycle - Standard,0,0,0,0,10,0,0,0,0,0,10
2019,ALTA,Passenger - Standard,0,1,1,9,93,1,0,0,0,0,105
2019,ALTA,Light Truck,0,12,0,23,108,1,0,0,0,0,144
2019,ALTA,Heavy Truck,0,2,0,0,0,0,0,0,0,0,2
2019,ALTAMONT,Motorcycle - Standard,0,0,0,0,22,0,0,0,0,0,22
2019,ALTAMONT,Passenger - Standard,0,5,0,25,248,0,0,0,0,0,278
2019,ALTAMONT,Light Truck,0,171,0,83,398,0,0,0,0,0,652
2019,ALTAMONT,Heavy Truck,0,119,0,2,3,0,0,0,0,0,124
2019,ALTON,Motorcycle - Standard,0,0,0,0,5,0,0,0,0,0,5
2019,ALTON,Passenger - Standard,0,4,0,3,63,1,0,0,0,0,71
2019,ALTON,Light Truck,0,65,0,12,88,0,0,0,0,0,165
2019,ALTON,Heavy Truck,0,18,0,0,3,0,0,0,0,0,21
2019,ALTONAH,Motorcycle - Standard,0,0,0,0,8,0,0,0,0,0,8
2019,ALTONAH,Passenger - Standard,0,1,0,4,62,1,0,0,0,0,68
2019,ALTONAH,Light Truck,0,64,0,20,97,0,0,0,0,0,181
2019,ALTONAH,Heavy Truck,0,18,0,0,1,0,0,0,0,0,19
2019,AMALGA,Motorcycle - Standard,0,0,0,0,19,0,0,0,0,0,19
2019,AMALGA,Passenger - Standard,1,0,0,7,174,1,0,0,0,0,183
2019,AMALGA,Light Truck,0,53,0,19,152,0,0,0,0,0,224
2019,AMALGA,Heavy Truck,0,23,0,0,4,0,0,0,0,0,27
2019,AMERICAN FORK,Motorcycle - Standard,0,0,2,0,662,0,0,0,0,0,664
2019,AMERICAN FORK,Passenger - Low Speed,0,0,1,0,0,0,0,0,0,0,1
2019,AMERICAN FORK,Passenger - Standard,11,74,40,561,11639,289,18,0,35,0,12667
2019,AMERICAN FORK,Light Truck,13,1094,3,1133,7176,49,5,1,2,0,9476
2019,AMERICAN FORK,Heavy Truck,0,970,0,8,113,0,0,0,0,7,1098
2019,ANETH,Motorcycle - Standard,0,0,0,0,12,0,0,0,0,0,12
2019,ANETH,Passenger - Standard,0,0,0,14,191,3,0,0,1,0,209
2019,ANETH,Light Truck,0,36,0,89,269,0,0,0,0,0,394
2019,ANETH,Heavy Truck,0,4,0,0,0,0,0,0,0,0,4
2019,ANNABELLA,Motorcycle - Standard,0,0,0,0,20,0,0,0,0,0,20
2019,ANNABELLA,Passenger - Standard,1,3,0,26,411,3,0,0,0,0,444
2019,ANNABELLA,Light Truck,1,137,0,54,420,0,0,0,0,0,612
2019,ANNABELLA,Heavy Truck,0,18,0,0,5,0,0,0,0,0,23
2019,ANTIMONY,Motorcycle - Standard,0,0,0,0,8,0,0,0,0,0,8
2019,ANTIMONY,Passenger - Standard,0,1,0,7,77,1,0,0,0,0,86
2019,ANTIMONY,Light Truck,0,52,0,15,92,0,0,0,0,0,159
2019,ANTIMONY,Heavy Truck,0,8,0,0,0,0,0,0,0,0,8
2019,APPLE VALLEY,Motorcycle - Standard,0,0,0,0,38,0,0,0,0,0,38
2019,APPLE VALLEY,Passenger - Standard,1,5,0,10,305,12,1,0,0,0,334
2019,APPLE VALLEY,Light Truck,0,118,0,35,309,1,0,0,0,0,463
2019,APPLE VALLEY,Heavy Truck,0,17,0,0,7,0,0,0,0,0,24
2019,AURORA,Motorcycle - Standard,0,0,0,0,33,0,0,0,0,0,33
2019,AURORA,Passenger - Standard,2,3,0,30,451,9,0,0,0,0,495
2019,AURORA,Light Truck,2,247,0,68,485,2,0,0,0,0,804
2019,AURORA,Heavy Truck,0,165,0,0,3,0,0,0,0,0,168
2019,AXTELL,Motorcycle - Standard,0,0,0,0,2,0,0,0,0,0,2
2019,AXTELL,Passenger - Standard,0,0,0,9,134,2,0,0,0,0,145
2019,AXTELL,Light Truck,0,78,0,11,116,0,0,0,0,0,205
2019,AXTELL,Heavy Truck,0,10,0,0,3,0,0,0,0,0,13
2019,BALLARD,Motorcycle - Standard,0,0,0,0,23,0,0,0,0,0,23
2019,BALLARD,Passenger - Standard,0,2,0,21,292,3,0,0,0,0,318
2019,BALLARD,Light Truck,0,144,0,67,391,0,0,0,0,0,602
2019,BALLARD,Heavy Truck,0,102,0,0,3,0,0,0,0,0,105
2019,BEAR RIVER CITY,Motorcycle - Standard,0,0,0,0,35,0,0,0,0,0,35
2019,BEAR RIVER CITY,Passenger - Standard,0,6,1,26,384,4,4,0,1,0,426
2019,BEAR RIVER CITY,Light Truck,3,156,0,56,336,0,0,0,0,0,551
2019,BEAR RIVER CITY,Heavy Truck,0,49,0,0,7,0,0,0,0,0,56
2019,BEAVER,Motorcycle - Standard,0,0,0,0,96,0,0,0,0,0,96
2019,BEAVER,Passenger - Standard,1,13,0,89,1593,33,1,0,0,0,1730
2019,BEAVER,Light Truck,3,546,0,218,1912,4,1,0,0,0,2684
2019,BEAVER,Heavy Truck,0,200,0,1,34,0,1,0,0,0,236
2019,BENJAMIN,Motorcycle - Standard,0,0,0,0,11,0,0,0,0,0,11
2019,BENJAMIN,Passenger - Standard,1,1,0,6,163,2,1,0,0,0,174
2019,BENJAMIN,Light Truck,1,95,0,21,126,0,0,0,0,0,243
2019,BENJAMIN,Heavy Truck,0,14,0,0,2,0,0,0,0,1,17
2019,BENSON,Motorcycle - Standard,0,0,0,0,13,0,0,0,0,0,13
2019,BENSON,Passenger - Standard,0,4,0,11,237,3,0,0,0,0,255
2019,BENSON,Light Truck,0,83,0,28,189,2,0,0,0,0,302
2019,BENSON,Heavy Truck,0,42,0,0,6,0,0,0,0,0,48
2019,BERYL,Motorcycle - Standard,0,0,0,0,14,0,0,0,0,0,14
2019,BERYL,Passenger - Standard,1,2,0,14,292,7,0,0,0,0,316
2019,BERYL,Light Truck,0,125,0,54,341,1,0,0,0,0,521
2019,BERYL,Heavy Truck,0,109,0,2,3,0,0,0,0,0,114
2019,BICKNELL,Motorcycle - Standard,0,0,0,0,11,0,0,0,0,0,11
2019,BICKNELL,Passenger - Standard,1,3,0,21,207,3,0,0,0,0,235
2019,BICKNELL,Light Truck,0,87,0,20,202,3,0,0,0,0,312
2019,BICKNELL,Heavy Truck,0,50,0,0,3,0,0,0,0,1,54
2019,BIG WATER,Motorcycle - Standard,0,0,0,0,10,0,0,0,0,0,10
2019,BIG WATER,Passenger - Standard,0,2,0,8,116,2,0,0,0,0,128
2019,BIG WATER,Light Truck,0,39,0,21,128,0,0,0,1,0,189
2019,BIG WATER,Heavy Truck,0,7,0,0,1,0,0,0,0,0,8
2019,BINGHAM CANYON,Motorcycle - Standard,0,0,0,0,9,0,0,0,0,0,9
2019,BINGHAM CANYON,Passenger - Standard,0,0,0,8,88,1,1,0,1,0,99
2019,BINGHAM CANYON,Light Truck,0,9,0,76,108,1,0,0,0,0,194
2019,BINGHAM CANYON,Heavy Truck,0,24,0,0,2,0,0,0,0,0,26
2019,BLANDING,Motorcycle - Standard,0,0,0,0,98,0,0,0,0,0,98
2019,BLANDING,Passenger - Standard,3,13,1,103,1346,24,2,0,0,0,1492
2019,BLANDING,Light Truck,0,340,0,216,1380,1,0,0,0,0,1937
2019,BLANDING,Heavy Truck,0,165,0,0,14,0,0,0,0,0,179
2019,BLUEBELL,Motorcycle - Standard,0,0,0,0,22,0,0,0,0,0,22
2019,BLUEBELL,Passenger - Standard,0,2,0,22,198,1,0,0,0,0,223
2019,BLUEBELL,Light Truck,0,145,0,30,253,0,1,0,0,0,429
2019,BLUEBELL,Heavy Truck,0,32,0,0,1,0,0,0,0,0,33
2019,BLUFF,Motorcycle - Standard,0,0,0,0,10,0,0,0,0,0,10
2019,BLUFF,Passenger - Standard,0,2,0,17,195,7,0,0,0,0,221
2019,BLUFF,Light Truck,0,47,0,48,283,2,0,0,0,0,380
2019,BLUFF,Heavy Truck,0,4,0,0,2,0,0,0,0,0,6
2019,BLUFFDALE,Motorcycle - Standard,0,0,0,0,307,0,0,0,0,0,307
2019,BLUFFDALE,Passenger - Low Speed,0,0,1,0,0,0,0,0,0,0,1
2019,BLUFFDALE,Passenger - Standard,3,35,28,184,4011,99,9,0,20,0,4389
2019,BLUFFDALE,Light Truck,6,956,2,559,3307,30,5,0,1,1,4867
2019,BLUFFDALE,Heavy Truck,0,311,0,0,65,0,0,0,0,0,376
2019,BOULDER,Motorcycle - Standard,0,0,0,0,9,0,0,0,0,0,9
2019,BOULDER,Passenger - Standard,0,3,1,5,128,3,0,0,0,0,140
2019,BOULDER,Light Truck,0,41,0,22,194,0,0,0,0,0,257
2019,BOULDER,Heavy Truck,0,5,0,0,0,0,0,0,0,0,5
2019,BOUNTIFUL,Motorcycle - Standard,0,0,0,1,1285,0,0,0,0,0,1286
2019,BOUNTIFUL,Passenger - Standard,19,88,84,712,18657,500,46,0,65,1,20172
2019,BOUNTIFUL,Light Truck,13,958,7,1491,11416,142,8,0,8,0,14043
2019,BOUNTIFUL,Heavy Truck,1,197,0,2,124,0,0,0,0,0,324
2019,BRIAN HEAD,Motorcycle - Standard,0,0,0,0,19,0,0,0,0,0,19
2019,BRIAN HEAD,Passenger - Standard,0,4,0,5,78,5,0,0,0,0,92
2019,BRIAN HEAD,Light Truck,0,41,0,14,146,0,0,0,0,0,201
2019,BRIAN HEAD,Heavy Truck,0,9,0,0,1,0,0,0,0,0,10
2019,BRIGHAM CITY,Motorcycle - Standard,0,0,1,0,652,0,0,0,0,0,653
2019,BRIGHAM CITY,Passenger - Standard,28,74,7,533,10100,170,26,0,29,0,10967
2019,BRIGHAM CITY,Light Truck,9,1305,0,984,6136,30,6,0,1,0,8471
2019,BRIGHAM CITY,Heavy Truck,0,758,0,20,170,0,1,0,0,0,949
2019,BRIGHTON,Motorcycle - Standard,0,0,0,0,29,0,0,0,0,0,29
2019,BRIGHTON,Passenger - Standard,0,1,1,5,124,2,1,0,0,0,134
2019,BRIGHTON,Light Truck,0,20,1,22,169,2,0,0,0,0,214
2019,BRIGHTON,Heavy Truck,0,2,0,1,2,0,0,0,0,0,5
2019,BROOKSIDE,Motorcycle - Standard,0,0,0,0,21,0,0,0,0,0,21
2019,BROOKSIDE,Passenger - Standard,0,4,0,4,124,5,0,0,0,0,137
2019,BROOKSIDE,Light Truck,0,46,0,16,125,0,0,0,0,0,187
2019,BROOKSIDE,Heavy Truck,0,15,0,0,6,0,0,0,0,0,21
2019,BRYCE CANYON,Motorcycle - Standard,0,0,0,0,3,0,0,0,0,0,3
2019,BRYCE CANYON,Passenger - Standard,0,0,0,1,56,5,0,0,0,0,62
2019,BRYCE CANYON,Light Truck,0,15,0,9,59,0,0,0,0,0,83
2019,BRYCE CANYON,Heavy Truck,0,2,0,0,0,0,0,0,0,0,2
2019,CANNONVILLE,Motorcycle - Standard,0,0,0,0,1,0,0,0,0,0,1
2019,CANNONVILLE,Passenger - Standard,0,1,0,7,63,0,0,0,0,0,71
2019,CANNONVILLE,Light Truck,0,40,0,8,81,0,0,0,0,0,129
2019,CANNONVILLE,Heavy Truck,0,18,0,0,1,0,0,0,0,0,19
2019,CASTLE DALE,Motorcycle - Standard,0,0,0,0,32,0,0,0,0,0,32
2019,CASTLE DALE,Passenger - Standard,2,5,0,46,666,9,0,0,1,0,729
2019,CASTLE DALE,Light Truck,2,243,0,91,687,3,0,0,0,0,1026
2019,CASTLE DALE,Heavy Truck,0,88,0,0,9,0,0,0,0,0,97
2019,CASTLE VALLEY,Motorcycle - Standard,0,0,0,0,26,0,0,0,0,0,26
2019,CASTLE VALLEY,Passenger - Standard,0,3,1,2,152,5,0,0,0,0,163
2019,CASTLE VALLEY,Light Truck,0,42,0,28,234,1,0,0,0,0,305
2019,CASTLE VALLEY,Heavy Truck,0,9,0,0,3,0,0,0,0,0,12
2019,CEDAR CITY,Passenger - Standard,0,0,0,0,6,0,0,0,0,0,6
2019,CEDAR CITY,Light Truck,0,2,0,0,7,0,0,0,0,0,9
2019,CEDAR FORT,Passenger - Standard,0,0,0,0,1,0,0,0,0,0,1
2019,CEDAR FORT,Light Truck,0,1,0,0,1,0,0,0,0,0,2
2019,CEDAR HILLS,Motorcycle - Standard,0,0,0,0,240,0,0,0,0,0,240
2019,CEDAR HILLS,Passenger - Standard,3,31,29,137,3673,125,4,0,9,0,4011
2019,CEDAR HILLS,Light Truck,1,216,1,352,2246,38,0,0,1,0,2855
2019,CEDAR HILLS,Heavy Truck,0,47,0,1,11,0,0,0,0,0,59
2019,CEDAR VALLEY,Motorcycle - Standard,0,0,0,0,17,0,0,0,0,0,17
2019,CEDAR VALLEY,Passenger - Standard,0,1,0,10,172,3,0,0,1,0,187
2019,CEDAR VALLEY,Light Truck,1,91,0,31,125,0,0,0,0,0,248
2019,CEDAR VALLEY,Heavy Truck,0,11,0,0,1,0,0,0,0,0,12
2019,CENTERFIELD,Motorcycle - Standard,0,0,0,0,32,0,0,0,0,0,32
2019,CENTERFIELD,Passenger - Standard,1,5,0,35,588,8,1,0,0,0,638
2019,CENTERFIELD,Light Truck,1,168,0,63,555,2,0,0,0,0,789
2019,CENTERFIELD,Heavy Truck,0,76,0,0,5,0,0,0,0,0,81
2019,CENTERVILLE,Motorcycle - Standard,0,0,0,0,463,0,0,1,0,0,464
2019,CENTERVILLE,Passenger - Standard,5,46,27,290,7247,203,13,1,23,0,7855
2019,CENTERVILLE,Light Truck,7,478,0,768,4499,53,3,0,2,0,5810
2019,CENTERVILLE,Heavy Truck,0,210,0,4,49,0,0,0,0,0,263
2019,CENTRAL,Motorcycle - Standard,0,0,0,0,34,0,0,0,0,0,34
2019,CENTRAL,Passenger - Standard,1,6,0,5,301,14,1,0,0,0,328
2019,CENTRAL,Light Truck,0,75,0,27,311,1,0,0,0,0,414
2019,CENTRAL,Heavy Truck,0,9,0,0,7,0,0,0,0,0,16
2019,CENTRAL VALLEY,Motorcycle - Standard,0,0,0,0,28,0,0,0,0,0,28
2019,CENTRAL VALLEY,Passenger - Standard,0,0,0,20,285,6,1,0,0,0,312
2019,CENTRAL VALLEY,Light Truck,1,137,0,40,309,0,0,0,0,0,487
2019,CENTRAL VALLEY,Heavy Truck,0,21,0,0,4,0,0,0,0,0,25
2019,CHESTER,Motorcycle - Standard,0,0,0,0,5,0,0,0,0,0,5
2019,CHESTER,Passenger - Standard,2,1,0,11,165,1,0,0,0,0,180
2019,CHESTER,Light Truck,1,37,0,16,128,0,0,0,0,0,182
2019,CHESTER,Heavy Truck,0,11,0,0,1,0,0,0,0,0,12
2019,CIRCLEVILLE,Motorcycle - Standard,0,0,0,0,7,0,0,0,0,0,7
2019,CIRCLEVILLE,Passenger - Standard,2,6,0,9,238,2,4,0,0,0,261
2019,CIRCLEVILLE,Light Truck,0,79,0,17,242,1,1,0,0,0,340
2019,CIRCLEVILLE,Heavy Truck,0,24,0,0,1,0,0,0,0,0,25
2019,CLARKSTON,Motorcycle - Standard,0,0,0,0,29,0,0,0,0,0,29
2019,CLARKSTON,Passenger - Standard,1,6,0,12,324,7,1,0,0,0,351
2019,CLARKSTON,Light Truck,0,103,0,34,228,2,0,0,0,0,367
2019,CLARKSTON,Heavy Truck,0,34,0,0,13,0,0,0,0,0,47
2019,CLAWSON,Motorcycle - Standard,0,0,0,0,8,0,0,0,0,0,8
2019,CLAWSON,Passenger - Standard,1,1,0,5,85,2,0,0,0,0,94
2019,CLAWSON,Light Truck,0,37,0,7,61,0,0,0,0,0,105
2019,CLEARFIELD,Motorcycle - Standard,0,0,1,0,678,0,0,0,0,0,679
2019,CLEARFIELD,Passenger - Standard,17,51,26,570,11319,223,16,0,17,0,12239
2019,CLEARFIELD,Light Truck,10,653,0,1043,6242,36,3,1,3,0,7991
2019,CLEARFIELD,Heavy Truck,1,352,0,6,81,0,0,0,0,0,440
2019,CLEVELAND,Motorcycle - Standard,0,0,0,0,20,0,0,0,0,0,20
2019,CLEVELAND,Passenger - Standard,0,7,0,30,337,5,0,0,0,0,379
2019,CLEVELAND,Light Truck,1,176,0,65,316,0,0,0,0,0,558
2019,CLEVELAND,Heavy Truck,0,50,0,0,4,0,0,0,0,0,54
2019,CLINTON,Motorcycle - Standard,0,0,1,0,545,0,0,0,0,0,546
2019,CLINTON,Passenger - Standard,9,41,18,407,8097,112,9,0,19,0,8712
2019,CLINTON,Light Truck,8,765,0,800,4843,35,0,0,1,0,6452
2019,CLINTON,Heavy Truck,0,84,0,0,59,0,0,0,0,0,143
2019,COALVILLE,Motorcycle - Standard,0,0,0,0,116,0,0,0,0,0,116
2019,COALVILLE,Passenger - Standard,1,21,1,86,1559,19,5,0,5,0,1697
2019,COALVILLE,Light Truck,4,499,0,227,1501,30,2,0,0,0,2263
2019,COALVILLE,Heavy Truck,0,222,0,2,21,0,0,0,0,0,245
2019,COLLINSTON,Motorcycle - Standard,0,0,0,0,5,0,0,0,0,0,5
2019,COLLINSTON,Passenger - Standard,1,2,0,5,165,3,1,0,1,0,178
2019,COLLINSTON,Light Truck,1,64,0,12,116,0,0,0,0,0,193
2019,COLLINSTON,Heavy Truck,0,50,0,0,4,0,0,0,0,0,54
2019,COPPERTON,Motorcycle - Standard,0,0,0,0,23,0,0,0,0,0,23
2019,COPPERTON,Passenger - Standard,0,4,0,12,255,2,3,0,0,0,276
2019,COPPERTON,Light Truck,1,26,0,18,180,1,0,0,0,0,226
2019,COPPERTON,Heavy Truck,0,5,0,3,4,0,0,0,0,0,12
2019,CORINNE,Motorcycle - Standard,0,0,0,0,48,0,0,0,0,0,48
2019,CORINNE,Passenger - Standard,2,9,0,44,824,10,1,0,0,0,890
2019,CORINNE,Light Truck,1,273,0,118,790,1,0,0,0,0,1183
2019,CORINNE,Heavy Truck,0,188,0,0,25,0,1,0,0,0,214
2019,CORNISH,Motorcycle - Standard,0,0,0,0,2,0,0,0,0,0,2
2019,CORNISH,Passenger - Standard,0,1,0,5,99,0,1,0,0,0,106
2019,CORNISH,Light Truck,0,25,0,18,94,0,0,0,0,0,137
2019,CORNISH,Heavy Truck,0,8,0,0,5,0,0,0,0,0,13
2019,COTTONWOOD HEIGHTS,Motorcycle - Standard,0,0,1,0,425,0,0,1,0,0,427
2019,COTTONWOOD HEIGHTS,Passenger - Standard,1,34,58,149,4739,179,6,0,14,0,5180
2019,COTTONWOOD HEIGHTS,Light Truck,2,792,4,471,4078,70,1,0,7,0,5425
2019,COTTONWOOD HEIGHTS,Heavy Truck,0,97,0,1,29,0,0,0,0,0,127
2019,COVE,Motorcycle - Standard,0,0,0,0,18,0,0,0,0,0,18
2019,COVE,Passenger - Standard,1,1,0,4,145,3,2,0,0,0,156
2019,COVE,Light Truck,0,40,0,26,156,1,0,0,0,0,223
2019,COVE,Heavy Truck,0,20,0,0,1,0,0,0,0,0,21
2019,CROYDON,Motorcycle - Standard,0,0,0,0,5,0,0,0,0,0,5
2019,CROYDON,Passenger - Standard,1,5,0,4,86,1,0,0,0,0,97
2019,CROYDON,Light Truck,0,66,0,14,69,0,0,0,0,0,149
2019,CROYDON,Heavy Truck,0,12,0,0,5,0,0,0,0,0,17
2019,DAMMERON VALLEY,Motorcycle - Standard,0,0,0,0,56,0,0,0,0,0,56
2019,DAMMERON VALLEY,Passenger - Standard,0,11,4,12,393,13,0,0,2,0,435
2019,DAMMERON VALLEY,Light Truck,1,153,1,52,395,4,0,0,0,0,606
2019,DAMMERON VALLEY,Heavy Truck,0,20,0,0,12,0,0,0,0,0,32
2019,DELTA,Motorcycle - Standard,0,0,0,0,136,0,0,0,0,0,136
2019,DELTA,Passenger - Standard,7,28,0,171,2461,29,0,0,2,0,2698
2019,DELTA,Light Truck,4,810,0,339,2130,3,3,0,1,0,3290
2019,DELTA,Heavy Truck,0,360,0,1,32,0,0,0,0,0,393
2019,DEWEYVILLE,Motorcycle - Standard,0,0,0,0,20,0,0,0,0,0,20
2019,DEWEYVILLE,Passenger - Standard,1,4,0,17,267,7,0,0,0,0,296
2019,DEWEYVILLE,Light Truck,1,87,0,27,231,2,0,0,0,0,348
2019,DEWEYVILLE,Heavy Truck,0,16,0,0,4,0,0,0,0,0,20
2019,DRAPER,Motorcycle - Standard,0,0,1,2,1428,0,0,2,0,0,1433
2019,DRAPER,Passenger - Low Speed,0,0,1,0,1,0,0,0,0,0,2
2019,DRAPER,Passenger - Standard,8,138,154,824,17704,1072,58,2,72,0,20032
2019,DRAPER,Light Truck,11,1982,27,2800,14901,206,10,0,26,0,19963
2019,DRAPER,Heavy Truck,1,844,0,55,205,0,0,0,0,0,1105
2019,DUCHESNE,Motorcycle - Standard,0,0,0,0,97,0,0,0,0,0,97
2019,DUCHESNE,Passenger - Standard,0,11,0,102,1354,14,0,0,1,0,1482
2019,DUCHESNE,Light Truck,5,526,0,228,1571,5,0,0,0,1,2336
2019,DUCHESNE,Heavy Truck,0,309,0,0,47,0,0,0,0,0,356
2019,DUCK CREEK VILLAGE,Motorcycle - Standard,0,0,0,0,27,0,0,1,0,0,28
2019,DUCK CREEK VILLAGE,Passenger - Standard,0,7,0,6,128,4,0,0,0,0,145
2019,DUCK CREEK VILLAGE,Light Truck,0,102,0,46,262,0,0,0,0,0,410
2019,DUCK CREEK VILLAGE,Heavy Truck,0,20,0,0,9,0,0,0,0,0,29
2019,DUGWAY,Motorcycle - Standard,0,0,0,0,23,0,0,0,0,0,23
2019,DUGWAY,Passenger - Standard,0,0,0,5,137,10,0,0,2,0,154
2019,DUGWAY,Light Truck,0,16,0,30,189,0,0,0,0,0,235
2019,DUGWAY,Heavy Truck,0,5,0,0,1,0,0,0,0,0,6
2019,DUTCH JOHN,Motorcycle - Standard,0,0,0,0,4,0,0,0,0,0,4
2019,DUTCH JOHN,Passenger - Standard,0,0,0,8,84,2,0,0,0,0,94
2019,DUTCH JOHN,Light Truck,0,33,0,20,128,0,0,0,0,0,181
2019,DUTCH JOHN,Heavy Truck,0,1,0,0,1,0,0,0,0,0,2
2019,EAGLE MOUNTAIN,Motorcycle - Standard,0,0,0,0,548,0,0,0,0,0,548
2019,EAGLE MOUNTAIN,Passenger - Standard,12,90,41,469,9808,347,22,0,39,0,10828
2019,EAGLE MOUNTAIN,Light Truck,7,1010,2,1315,6275,50,3,0,3,0,8665
2019,EAGLE MOUNTAIN,Heavy Truck,0,182,0,1,48,0,0,0,0,0,231
2019,EAST CARBON,Motorcycle - Standard,0,0,0,0,26,0,0,0,0,0,26
2019,EAST CARBON,Passenger - Standard,1,4,1,34,557,6,0,0,0,0,603
2019,EAST CARBON,Light Truck,1,78,0,48,440,1,0,0,0,0,568
2019,EAST CARBON,Heavy Truck,0,2,0,0,3,0,0,0,0,0,5
2019,EDEN,Motorcycle - Standard,0,0,0,0,182,0,0,0,0,0,182
2019,EDEN,Passenger - Standard,1,18,4,49,1231,35,3,0,0,0,1341
2019,EDEN,Light Truck,1,343,2,213,1399,15,1,0,1,0,1975
2019,EDEN,Heavy Truck,0,57,0,4,26,0,0,0,0,0,87
2019,ELBERTA,Motorcycle - Standard,0,0,0,0,2,0,0,0,0,0,2
2019,ELBERTA,Passenger - Standard,3,1,0,7,136,2,0,0,0,0,149
2019,ELBERTA,Light Truck,0,39,0,19,113,0,0,0,0,0,171
2019,ELBERTA,Heavy Truck,0,58,0,0,7,0,0,0,0,0,65
2019,ELK RIDGE,Motorcycle - Standard,0,0,0,0,103,0,0,0,0,0,103
2019,ELK RIDGE,Passenger - Standard,6,10,1,65,1339,38,2,0,9,0,1470
2019,ELK RIDGE,Light Truck,1,212,0,163,982,11,0,0,1,0,1370
2019,ELK RIDGE,Heavy Truck,0,35,0,2,17,0,1,0,0,0,55
2019,ELMO,Motorcycle - Standard,0,0,0,0,13,0,0,0,0,0,13
2019,ELMO,Passenger - Standard,2,4,0,25,314,4,0,0,0,0,349
2019,ELMO,Light Truck,0,134,0,29,228,0,0,0,0,0,391
2019,ELMO,Heavy Truck,0,12,0,0,2,0,0,0,0,0,14
2019,ELSINORE,Motorcycle - Standard,0,0,0,0,29,0,0,0,0,0,29
2019,ELSINORE,Passenger - Standard,0,4,1,27,546,4,0,0,0,0,582
2019,ELSINORE,Light Truck,2,118,0,63,491,0,2,0,0,0,676
2019,ELSINORE,Heavy Truck,0,20,0,0,10,0,0,0,0,0,30
2019,ELWOOD,Motorcycle - Standard,0,0,0,0,20,0,0,0,0,0,20
2019,ELWOOD,Passenger - Standard,3,4,1,15,258,5,1,0,3,0,290
2019,ELWOOD,Light Truck,1,96,0,27,200,1,0,0,0,0,325
2019,ELWOOD,Heavy Truck,0,23,0,0,5,0,0,0,0,0,28
2019,EMERY,Motorcycle - Standard,0,0,0,0,15,0,0,0,0,0,15
2019,EMERY,Passenger - Standard,0,4,0,16,158,1,0,0,0,0,179
2019,EMERY,Light Truck,0,73,0,19,162,0,0,0,0,0,254
2019,EMERY,Heavy Truck,0,20,0,0,2,0,0,0,0,0,22
2019,ENOCH,Motorcycle - Standard,0,0,0,0,147,0,0,0,0,0,147
2019,ENOCH,Passenger - Standard,7,19,1,113,2081,38,2,0,0,0,2261
2019,ENOCH,Light Truck,8,456,0,272,1769,2,3,0,0,0,2510
2019,ENOCH,Heavy Truck,0,44,0,1,25,0,0,0,0,0,70
2019,ENTERPRISE,Motorcycle - Standard,0,0,0,0,31,0,0,0,0,0,31
2019,ENTERPRISE,Passenger - Standard,6,13,0,52,782,15,4,0,0,0,872
2019,ENTERPRISE,Light Truck,0,284,0,96,754,1,1,0,0,0,1136
2019,ENTERPRISE,Heavy Truck,0,102,0,0,11,0,0,0,0,0,113
2019,EPHRAIM,Motorcycle - Standard,0,0,0,0,100,0,0,0,0,0,100
2019,EPHRAIM,Passenger - Low Speed,0,0,0,0,1,0,0,0,0,0,1
2019,EPHRAIM,Passenger - Standard,2,17,0,120,2081,31,2,0,1,0,2254
2019,EPHRAIM,Light Truck,3,351,0,225,1575,4,3,0,0,0,2161
2019,EPHRAIM,Heavy Truck,0,108,0,1,23,0,0,0,0,0,132
2019,ERDA,Motorcycle - Standard,0,0,0,0,119,0,0,0,0,0,119
2019,ERDA,Passenger - Standard,1,13,5,71,1390,32,3,0,1,0,1516
2019,ERDA,Light Truck,0,490,1,148,1037,6,4,0,1,0,1687
2019,ERDA,Heavy Truck,0,168,0,1,22,0,0,0,0,0,191
2019,ESCALANTE,Motorcycle - Standard,0,0,0,0,43,0,0,0,0,0,43
2019,ESCALANTE,Passenger - Standard,0,10,0,18,353,7,0,0,0,0,388
2019,ESCALANTE,Light Truck,1,195,0,62,502,0,0,0,0,0,760
2019,ESCALANTE,Heavy Truck,0,65,0,0,9,0,0,0,0,0,74
2019,EUREKA,Motorcycle - Standard,0,0,0,0,22,0,0,0,0,0,22
2019,EUREKA,Passenger - Standard,2,8,0,29,438,2,1,0,0,0,480
2019,EUREKA,Light Truck,4,93,0,41,330,2,0,0,0,0,470
2019,EUREKA,Heavy Truck,0,22,0,0,5,0,0,0,0,0,27
2019,FAIRFIELD,Motorcycle - Standard,0,0,0,0,2,0,0,0,0,0,2
2019,FAIRFIELD,Passenger - Standard,0,4,0,4,39,1,0,0,1,0,49
2019,FAIRFIELD,Light Truck,0,39,0,7,41,0,0,0,0,0,87
2019,FAIRFIELD,Heavy Truck,0,22,0,0,1,0,0,0,0,0,23
2019,FAIRVIEW,Motorcycle - Standard,0,0,0,0,88,0,0,0,0,0,88
2019,FAIRVIEW,Passenger - Standard,2,21,0,77,1442,16,2,0,0,0,1560
2019,FAIRVIEW,Light Truck,5,451,0,164,1262,5,1,0,0,0,1888
2019,FAIRVIEW,Heavy Truck,0,143,0,3,36,0,0,0,0,0,182
2019,FARMINGTON,Motorcycle - Standard,0,0,0,0,631,0,0,0,0,0,631
2019,FARMINGTON,Passenger - Standard,6,50,58,430,8697,301,24,1,35,0,9602
2019,FARMINGTON,Light Truck,9,652,3,921,6021,73,4,0,3,0,7686
2019,FARMINGTON,Heavy Truck,0,438,0,4,76,0,0,0,0,0,518
2019,FARR WEST,Motorcycle - Standard,0,0,0,0,223,0,0,0,0,0,223
2019,FARR WEST,Passenger - Standard,6,18,4,132,2359,42,5,0,4,0,2570
2019,FARR WEST,Light Truck,2,577,0,298,1691,9,0,0,1,0,2578
2019,FARR WEST,Heavy Truck,0,292,0,0,29,0,0,0,0,0,321
2019,FAYETTE,Motorcycle - Standard,0,0,0,0,5,0,0,0,0,0,5
2019,FAYETTE,Passenger - Standard,0,0,0,19,131,4,0,0,0,0,154
2019,FAYETTE,Light Truck,0,28,0,16,120,0,0,0,0,0,164
2019,FAYETTE,Heavy Truck,0,27,0,0,5,0,0,0,0,0,32
2019,FERRON,Motorcycle - Standard,0,0,0,0,30,0,0,0,0,0,30
2019,FERRON,Passenger - Standard,4,9,0,53,643,7,1,0,1,0,718
2019,FERRON,Light Truck,1,239,0,75,657,1,0,0,0,0,973
2019,FERRON,Heavy Truck,0,22,0,0,8,0,0,0,0,0,30
2019,FIELDING,Motorcycle - Standard,0,0,0,0,18,0,0,0,0,0,18
2019,FIELDING,Passenger - Standard,1,3,0,16,344,0,0,0,0,0,364
2019,FIELDING,Light Truck,0,134,0,33,293,0,0,0,0,0,460
2019,FIELDING,Heavy Truck,0,50,0,0,2,0,0,0,0,0,52
2019,FILLMORE,Motorcycle - Standard,0,0,0,0,48,0,0,0,0,0,48
2019,FILLMORE,Passenger - Standard,4,17,1,104,1387,24,4,0,1,0,1542
2019,FILLMORE,Light Truck,5,292,0,176,1339,2,4,0,1,0,1819
2019,FILLMORE,Heavy Truck,0,145,0,1,23,0,1,0,0,0,170
2019,FORT DUCHESNE,Motorcycle - Standard,0,0,0,0,51,0,0,0,0,0,51
2019,FORT DUCHESNE,Passenger - Standard,1,3,0,99,500,2,0,0,0,0,605
2019,FORT DUCHESNE,Light Truck,1,173,0,222,671,0,1,0,0,1,1069
2019,FORT DUCHESNE,Heavy Truck,0,125,0,0,18,0,0,0,0,0,143
2019,FOUNTAIN GREEN,Motorcycle - Standard,0,0,0,0,22,0,0,0,0,0,22
2019,FOUNTAIN GREEN,Passenger - Standard,1,10,0,32,617,11,2,0,0,0,673
2019,FOUNTAIN GREEN,Light Truck,1,172,0,55,502,2,0,0,0,0,732
2019,FOUNTAIN GREEN,Heavy Truck,0,39,0,0,16,0,0,0,0,0,55
2019,FRANCIS,Motorcycle - Standard,0,0,0,0,41,0,0,0,0,0,41
2019,FRANCIS,Passenger - Standard,0,5,0,30,406,4,2,0,1,0,448
2019,FRANCIS,Light Truck,0,145,0,64,417,7,0,0,0,0,633
2019,FRANCIS,Heavy Truck,0,19,0,0,5,0,0,0,0,0,24
2019,FREMONT,Motorcycle - Standard,0,0,0,0,2,0,0,0,0,0,2
2019,FREMONT,Passenger - Standard,0,0,0,5,106,1,0,0,0,0,112
2019,FREMONT,Light Truck,1,51,0,23,139,0,0,0,0,0,214
2019,FREMONT,Heavy Truck,0,4,0,0,1,0,0,0,0,0,5
2019,FRUIT HEIGHTS,Motorcycle - Standard,0,0,0,0,180,0,0,0,0,0,180
2019,FRUIT HEIGHTS,Passenger - Standard,4,12,23,96,2384,67,9,0,8,0,2603
2019,FRUIT HEIGHTS,Light Truck,3,161,5,215,1556,16,1,0,1,0,1958
2019,FRUIT HEIGHTS,Heavy Truck,0,19,0,1,20,0,0,0,0,0,40
2019,FRUITLAND,Motorcycle - Standard,0,0,0,0,14,0,0,0,0,0,14
2019,FRUITLAND,Passenger - Standard,0,8,0,31,387,2,0,0,0,0,428
2019,FRUITLAND,Light Truck,0,178,0,40,430,0,0,0,0,0,648
2019,FRUITLAND,Heavy Truck,0,48,0,0,7,0,0,0,0,0,55
2019,GARDEN CITY,Motorcycle - Standard,0,0,0,0,50,0,0,0,0,0,50
2019,GARDEN CITY,Passenger - Standard,0,9,0,34,453,14,1,0,1,0,512
2019,GARDEN CITY,Light Truck,1,173,0,62,521,1,1,0,0,0,759
2019,GARDEN CITY,Heavy Truck,0,27,0,0,15,0,0,0,0,0,42
2019,GARLAND,Motorcycle - Standard,0,0,0,0,108,0,0,0,0,0,108
2019,GARLAND,Passenger - Standard,3,20,0,92,1764,27,5,0,2,0,1913
2019,GARLAND,Light Truck,5,436,0,206,1184,5,0,0,0,0,1836
2019,GARLAND,Heavy Truck,0,124,0,4,24,0,0,0,0,0,152
2019,GENOLA,Motorcycle - Standard,0,0,0,0,26,0,0,0,0,0,26
2019,GENOLA,Passenger - Standard,3,4,1,31,497,12,2,0,1,0,551
2019,GENOLA,Light Truck,2,208,0,70,420,3,0,0,0,0,703
2019,GENOLA,Heavy Truck,0,59,0,0,5,0,0,0,0,0,64
2019,GLENDALE,Motorcycle - Standard,0,0,0,0,9,0,0,0,0,0,9
2019,GLENDALE,Passenger - Standard,0,4,0,9,151,2,0,0,0,0,166
2019,GLENDALE,Light Truck,0,82,0,24,178,0,0,0,0,0,284
2019,GLENDALE,Heavy Truck,0,13,0,0,3,0,0,0,0,0,16
2019,GLENWOOD,Motorcycle - Standard,0,0,0,0,21,0,0,0,0,0,21
2019,GLENWOOD,Passenger - Standard,1,6,0,13,214,7,1,0,0,0,242
2019,GLENWOOD,Light Truck,1,92,0,43,250,1,0,0,0,0,387
2019,GLENWOOD,Heavy Truck,0,16,0,0,1,0,0,0,0,0,17
2019,GOSHEN,Motorcycle - Standard,0,0,0,0,13,0,0,0,0,0,13
2019,GOSHEN,Passenger - Standard,1,3,1,22,402,7,0,0,2,0,438
2019,GOSHEN,Light Truck,0,122,0,37,278,1,0,0,0,0,438
2019,GOSHEN,Heavy Truck,0,25,0,0,3,0,0,0,0,0,28
2019,GRANTSVILLE,Motorcycle - Standard,0,0,0,1,346,0,0,0,0,0,347
2019,GRANTSVILLE,Passenger - Low Speed,0,0,1,0,0,0,0,0,0,0,1
2019,GRANTSVILLE,Passenger - Standard,9,50,11,330,5744,94,8,0,9,0,6255
2019,GRANTSVILLE,Light Truck,6,1272,0,530,3769,12,4,0,2,1,5596
2019,GRANTSVILLE,Heavy Truck,0,167,0,1,72,0,0,0,0,0,240
2019,GREEN RIVER,Motorcycle - Standard,0,0,0,0,13,0,0,0,0,0,13
2019,GREEN RIVER,Passenger - Standard,1,6,0,27,375,7,0,0,1,0,417
2019,GREEN RIVER,Light Truck,0,144,0,46,417,2,0,0,0,0,609
2019,GREEN RIVER,Heavy Truck,0,52,0,1,10,0,0,0,0,0,63
2019,GREENVILLE,Motorcycle - Standard,0,0,0,0,2,0,0,0,0,0,2
2019,GREENVILLE,Passenger - Standard,0,1,0,6,49,0,0,0,0,0,56
2019,GREENVILLE,Light Truck,0,26,0,6,68,0,0,0,0,0,100
2019,GREENVILLE,Heavy Truck,0,4,0,0,1,0,0,0,0,0,5
2019,GUNNISON,Motorcycle - Standard,0,0,0,0,33,0,0,0,0,0,33
2019,GUNNISON,Passenger - Standard,3,8,0,52,845,12,0,0,1,0,921
2019,GUNNISON,Light Truck,1,197,0,97,815,1,0,0,0,0,1111
2019,GUNNISON,Heavy Truck,0,66,0,0,14,0,0,0,0,0,80
2019,HANKSVILLE,Motorcycle - Standard,0,0,0,0,11,0,0,0,0,0,11
2019,HANKSVILLE,Passenger - Standard,0,3,0,10,84,0,0,0,0,0,97
2019,HANKSVILLE,Light Truck,0,47,0,8,96,1,0,0,0,0,152
2019,HANKSVILLE,Heavy Truck,0,20,0,0,3,0,0,0,0,0,23
2019,HANNA,Motorcycle - Standard,0,0,0,0,7,0,0,0,0,0,7
2019,HANNA,Passenger - Standard,0,1,0,11,95,1,0,0,0,0,108
2019,HANNA,Light Truck,1,51,0,13,106,0,0,0,0,0,171
2019,HANNA,Heavy Truck,0,10,0,0,3,0,0,0,0,0,13
2019,HARRISVILLE,Motorcycle - Standard,0,0,0,0,144,0,0,0,0,0,144
2019,HARRISVILLE,Passenger - Standard,2,14,2,81,1862,41,1,0,1,0,2004
2019,HARRISVILLE,Light Truck,2,271,0,204,1190,10,0,0,0,0,1677
2019,HARRISVILLE,Heavy Truck,0,29,0,0,22,0,0,0,0,0,51
2019,HATCH,Motorcycle - Standard,0,0,0,0,6,0,0,0,0,0,6
2019,HATCH,Passenger - Standard,1,1,0,5,99,1,0,0,0,0,107
2019,HATCH,Light Truck,0,55,0,26,188,0,0,0,0,0,269
2019,HATCH,Heavy Truck,0,23,0,0,3,0,0,0,0,0,26
2019,HEBER,Passenger - Standard,0,1,0,1,8,0,0,0,0,0,10
2019,HEBER,Light Truck,0,0,0,0,9,0,0,0,0,0,9
2019,HELPER,Motorcycle - Standard,0,0,0,0,137,0,0,0,0,0,137
2019,HELPER,Passenger - Standard,5,11,0,146,1692,22,0,0,0,0,1876
2019,HELPER,Light Truck,2,408,0,233,1587,1,1,0,0,0,2232
2019,HELPER,Heavy Truck,0,100,0,0,35,0,0,0,0,0,135
2019,HENEFER,Motorcycle - Standard,0,0,0,0,40,0,0,0,0,0,40
2019,HENEFER,Passenger - Standard,2,5,0,34,507,15,1,0,2,0,566
2019,HENEFER,Light Truck,0,193,0,75,419,0,0,0,1,0,688
2019,HENEFER,Heavy Truck,0,53,0,0,4,0,0,0,0,0,57
2019,HENRIEVILLE,Motorcycle - Standard,0,0,0,0,3,0,0,0,0,0,3
2019,HENRIEVILLE,Passenger - Standard,0,0,0,7,97,3,0,0,0,0,107
2019,HENRIEVILLE,Light Truck,0,42,0,10,90,1,0,0,0,0,143
2019,HENRIEVILLE,Heavy Truck,0,1,0,0,0,0,0,0,0,0,1
2019,HERRIMAN,Motorcycle - Standard,0,0,1,0,953,0,0,0,0,0,954
2019,HERRIMAN,Passenger - Standard,6,82,92,595,13581,423,19,0,44,0,14842
2019,HERRIMAN,Light Truck,6,1686,3,1755,9764,90,7,0,8,0,13319
2019,HERRIMAN,Heavy Truck,0,240,0,3,144,0,0,0,0,0,387
2019,HIDEOUT,Motorcycle - Standard,0,0,0,0,13,0,0,0,0,0,13
2019,HIDEOUT,Passenger - Standard,0,1,2,9,225,3,0,0,1,0,241
2019,HIDEOUT,Light Truck,0,17,2,20,225,0,0,0,0,0,264
2019,HIDEOUT,Heavy Truck,0,0,0,0,2,0,0,0,0,0,2
2019,HIGHLAND,Motorcycle - Standard,0,0,0,0,494,0,0,2,0,0,496
2019,HIGHLAND,Passenger - Standard,5,67,52,322,6980,252,17,0,20,0,7715
2019,HIGHLAND,Light Truck,5,813,9,773,4848,70,0,0,7,0,6525
2019,HIGHLAND,Heavy Truck,0,151,0,2,50,0,0,0,0,0,203
2019,HILDALE,Motorcycle - Standard,0,0,0,0,7,0,0,0,0,0,7
2019,HILDALE,Passenger - Standard,0,7,0,21,380,14,0,0,1,0,423
2019,HILDALE,Light Truck,0,194,0,76,375,7,2,0,0,0,654
2019,HILDALE,Heavy Truck,0,87,0,1,4,0,0,0,0,0,92
2019,HILL AIR FORCE BASE,Motorcycle - Standard,0,0,0,0,68,0,0,0,0,0,68
2019,HILL AIR FORCE BASE,Passenger - Standard,0,13,0,51,897,13,2,0,0,0,976
2019,HILL AIR FORCE BASE,Light Truck,0,58,0,167,798,3,0,0,0,0,1026
2019,HILL AIR FORCE BASE,Heavy Truck,0,20,0,0,8,0,0,0,0,0,28
2019,HINCKLEY,Motorcycle - Standard,0,0,0,0,10,0,0,0,0,0,10
2019,HINCKLEY,Passenger - Standard,2,5,0,22,345,2,0,0,0,0,376
2019,HINCKLEY,Light Truck,0,98,0,36,291,0,0,0,0,0,425
2019,HINCKLEY,Heavy Truck,0,20,0,0,3,0,0,0,0,0,23
2019,HOLDEN,Motorcycle - Standard,0,0,0,0,11,0,0,0,0,0,11
2019,HOLDEN,Passenger - Standard,0,6,0,16,218,3,0,0,0,0,243
2019,HOLDEN,Light Truck,0,75,0,33,217,0,0,0,0,0,325
2019,HOLDEN,Heavy Truck,0,22,0,0,4,0,0,0,0,0,26
2019,HOLLADAY,Motorcycle - Standard,0,0,0,0,398,0,0,0,0,0,398
2019,HOLLADAY,Passenger - Standard,3,46,95,198,6008,225,7,0,30,0,6612
2019,HOLLADAY,Light Truck,2,306,10,519,4000,63,2,0,12,0,4914
2019,HOLLADAY,Heavy Truck,0,45,0,1,26,0,0,0,0,0,72
2019,HONEYVILLE,Motorcycle - Standard,0,0,0,0,33,0,0,0,0,0,33
2019,HONEYVILLE,Passenger - Standard,3,4,1,33,586,13,0,0,1,0,641
2019,HONEYVILLE,Light Truck,2,190,0,60,384,1,0,0,0,0,637
2019,HONEYVILLE,Heavy Truck,0,39,0,0,4,0,0,0,0,0,43
2019,HOOPER,Motorcycle - Standard,0,0,0,1,248,0,0,0,0,0,249
2019,HOOPER,Passenger - Standard,8,40,4,178,3571,71,9,1,5,0,3887
2019,HOOPER,Light Truck,8,1021,0,395,2538,19,4,0,0,0,3985
2019,HOOPER,Heavy Truck,0,134,0,4,48,0,0,0,0,0,186
2019,HOWELL,Motorcycle - Standard,0,0,0,0,6,0,0,0,0,0,6
2019,HOWELL,Passenger - Standard,1,2,0,14,114,4,1,0,0,0,136
2019,HOWELL,Light Truck,0,56,0,11,86,1,1,0,0,0,155
2019,HOWELL,Heavy Truck,0,11,0,0,2,0,0,0,0,0,13
2019,HUNTINGTON,Motorcycle - Standard,0,0,0,0,39,0,0,0,0,0,39
2019,HUNTINGTON,Passenger - Low Speed,0,0,0,0,1,0,0,0,0,0,1
2019,HUNTINGTON,Passenger - Standard,2,15,0,84,1039,10,2,0,1,0,1153
2019,HUNTINGTON,Light Truck,2,365,0,152,924,2,0,0,0,0,1445
2019,HUNTINGTON,Heavy Truck,0,135,0,0,21,0,0,0,0,0,156
2019,HUNTSVILLE,Motorcycle - Standard,0,0,0,0,146,0,0,0,0,0,146
2019,HUNTSVILLE,Passenger - Standard,3,20,5,42,1016,24,2,0,3,0,1115
2019,HUNTSVILLE,Light Truck,2,292,1,130,954,9,0,0,0,0,1388
2019,HUNTSVILLE,Heavy Truck,0,48,0,0,14,0,0,0,0,0,62
2019,HURRICANE,Motorcycle - Standard,0,0,0,0,745,0,0,1,0,0,746
2019,HURRICANE,Passenger - Low Speed,0,0,1,0,0,0,0,0,0,0,1
2019,HURRICANE,Passenger - Standard,11,91,10,335,7513,266,22,0,9,0,8257
2019,HURRICANE,Light Truck,16,1389,3,911,6305,35,12,0,0,0,8671
2019,HURRICANE,Heavy Truck,1,593,0,6,149,0,3,0,0,1,753
2019,HYDE PARK,Motorcycle - Standard,0,0,0,0,179,0,0,1,0,0,180
2019,HYDE PARK,Passenger - Standard,3,11,2,71,1799,36,3,0,4,0,1929
2019,HYDE PARK,Light Truck,3,220,0,224,1527,12,2,0,2,0,1990
2019,HYDE PARK,Heavy Truck,0,60,0,1,20,0,0,0,0,0,81
2019,HYRUM,Motorcycle - Standard,0,0,0,0,215,0,0,0,0,0,215
2019,HYRUM,Passenger - Standard,3,25,4,142,3245,46,3,0,8,0,3476
2019,HYRUM,Light Truck,5,394,0,338,2414,11,1,0,0,0,3163
2019,HYRUM,Heavy Truck,1,105,0,3,23,0,0,0,0,0,132
2019,INDIANOLA,Motorcycle - Standard,0,0,0,0,2,0,0,0,0,0,2
2019,INDIANOLA,Passenger - Standard,1,2,1,1,70,0,0,0,1,0,76
2019,INDIANOLA,Light Truck,0,12,0,6,59,0,0,0,0,0,77
2019,INDIANOLA,Heavy Truck,0,1,0,0,0,0,0,0,0,0,1
2019,IVINS,Motorcycle - Standard,0,0,0,0,324,0,0,0,0,0,324
2019,IVINS,Passenger - Low Speed,0,0,0,0,1,0,0,0,0,0,1
2019,IVINS,Passenger - Standard,4,44,17,124,3753,181,7,0,17,0,4147
2019,IVINS,Light Truck,5,413,1,400,2916,48,5,0,6,0,3794
2019,IVINS,Heavy Truck,0,101,0,3,44,0,1,0,0,0,149
2019,JENSEN,Motorcycle - Standard,0,0,0,0,29,0,0,0,0,0,29
2019,JENSEN,Passenger - Standard,0,0,0,19,256,4,0,0,0,0,279
2019,JENSEN,Light Truck,0,175,0,49,377,1,0,0,0,0,602
2019,JENSEN,Heavy Truck,0,47,0,0,5,0,0,0,0,0,52
2019,JOSEPH,Motorcycle - Standard,0,0,0,0,25,0,0,0,0,0,25
2019,JOSEPH,Passenger - Standard,0,1,1,15,236,2,0,0,0,0,255
2019,JOSEPH,Light Truck,0,70,0,18,196,0,0,0,0,0,284
2019,JOSEPH,Heavy Truck,0,4,0,0,4,0,0,0,0,0,8
2019,JUNCTION,Motorcycle - Standard,0,0,0,0,7,0,0,0,0,0,7
2019,JUNCTION,Passenger - Standard,0,1,0,4,130,1,0,0,0,0,136
2019,JUNCTION,Light Truck,1,50,0,11,111,1,0,0,0,0,174
2019,JUNCTION,Heavy Truck,0,45,0,1,5,0,0,0,0,0,51
2019,KAMAS,Motorcycle - Standard,0,0,1,0,238,0,0,0,0,0,239
2019,KAMAS,Passenger - Standard,3,27,4,143,2515,64,7,0,3,0,2766
2019,KAMAS,Light Truck,5,744,0,403,2704,19,1,0,3,0,3879
2019,KAMAS,Heavy Truck,0,209,0,0,37,0,1,0,0,0,247
2019,KANAB,Motorcycle - Standard,0,0,0,0,185,0,0,0,0,0,185
2019,KANAB,Passenger - Low Speed,0,0,2,0,0,0,0,0,0,0,2
2019,KANAB,Passenger - Standard,0,37,1,120,1959,43,1,0,0,0,2161
2019,KANAB,Light Truck,2,511,0,347,2632,10,0,1,0,0,3503
2019,KANAB,Heavy Truck,0,200,0,1,62,0,0,0,0,0,263
2019,KANARRAVILLE,Motorcycle - Standard,0,0,0,0,11,0,0,0,0,0,11
2019,KANARRAVILLE,Passenger - Standard,1,4,0,8,166,4,0,0,0,0,183
2019,KANARRAVILLE,Light Truck,1,78,0,28,220,3,0,0,0,0,330
2019,KANARRAVILLE,Heavy Truck,0,9,0,1,7,0,0,0,0,0,17
2019,KANOSH,Motorcycle - Standard,0,0,0,0,18,0,0,0,0,0,18
2019,KANOSH,Passenger - Standard,4,5,0,16,305,6,0,0,0,0,336
2019,KANOSH,Light Truck,1,85,0,43,258,0,0,0,0,0,387
2019,KANOSH,Heavy Truck,0,22,0,0,9,0,0,0,0,0,31
2019,KAYSVILLE,Motorcycle - Standard,0,0,0,0,838,0,0,0,0,0,838
2019,KAYSVILLE,Passenger - Standard,16,96,66,599,12669,374,46,0,46,0,13912
2019,KAYSVILLE,Light Truck,11,952,7,1250,8083,95,9,0,3,0,10410
2019,KAYSVILLE,Heavy Truck,0,177,0,4,117,0,1,0,0,0,299
2019,KEARNS,Motorcycle - Standard,0,0,0,0,507,0,0,0,0,0,507
2019,KEARNS,Passenger - Standard,7,28,17,499,9605,142,9,0,8,0,10315
2019,KEARNS,Light Truck,7,521,0,775,5259,26,2,0,0,0,6590
2019,KEARNS,Heavy Truck,0,172,0,1,55,0,0,0,0,0,228
2019,KENILWORTH,Motorcycle - Standard,0,0,0,0,10,0,0,0,0,0,10
2019,KENILWORTH,Passenger - Standard,0,1,0,4,92,2,0,0,0,0,99
2019,KENILWORTH,Light Truck,0,18,0,11,88,0,0,0,0,0,117
2019,KENILWORTH,Heavy Truck,0,2,0,0,2,0,0,0,0,0,4
2019,KINGSTON,Motorcycle - Standard,0,0,0,0,5,0,0,0,0,0,5
2019,KINGSTON,Passenger - Standard,0,0,0,3,72,0,0,0,0,0,75
2019,KINGSTON,Light Truck,0,34,0,12,47,0,0,0,0,0,93
2019,KINGSTON,Heavy Truck,0,13,0,0,0,0,0,0,0,0,13
2019,KOOSHAREM,Motorcycle - Standard,0,0,0,0,10,0,0,0,0,0,10
2019,KOOSHAREM,Passenger - Standard,0,1,0,3,145,1,0,0,0,0,150
2019,KOOSHAREM,Light Truck,0,51,0,29,116,0,0,0,0,0,196
2019,KOOSHAREM,Heavy Truck,0,7,0,0,2,0,0,0,0,0,9
2019,LA SAL,Motorcycle - Standard,0,0,0,0,14,0,0,0,0,0,14
2019,LA SAL,Passenger - Standard,0,1,0,8,151,3,1,0,0,0,164
2019,LA SAL,Light Truck,1,64,0,31,190,1,0,0,0,0,287
2019,LA SAL,Heavy Truck,0,11,0,0,0,0,0,0,0,0,11
2019,LA VERKIN,Motorcycle - Standard,0,0,0,0,155,0,0,0,0,0,155
2019,LA VERKIN,Passenger - Standard,5,16,3,83,1737,46,15,0,3,0,1908
2019,LA VERKIN,Light Truck,6,258,0,170,1341,6,3,0,0,0,1784
2019,LA VERKIN,Heavy Truck,0,45,0,1,14,0,0,0,0,0,60
2019,LAKE POINT,Motorcycle - Standard,0,0,0,0,50,0,0,0,0,0,50
2019,LAKE POINT,Passenger - Standard,0,9,1,33,708,26,5,0,0,0,782
2019,LAKE POINT,Light Truck,1,206,0,83,549,2,1,0,0,0,842
2019,LAKE POINT,Heavy Truck,0,57,0,2,12,0,0,0,0,0,71
2019,LAKETOWN,Motorcycle - Standard,0,0,0,0,11,0,0,0,0,0,11
2019,LAKETOWN,Passenger - Standard,1,1,1,16,208,3,0,0,0,0,230
2019,LAKETOWN,Light Truck,1,96,0,27,212,0,0,0,0,0,336
2019,LAKETOWN,Heavy Truck,0,12,0,0,4,0,0,0,0,0,16
2019,LAPOINT,Motorcycle - Standard,0,0,0,0,23,0,0,0,0,0,23
2019,LAPOINT,Passenger - Standard,0,1,0,25,296,1,0,0,0,0,323
2019,LAPOINT,Light Truck,0,198,0,60,364,0,0,0,0,0,622
2019,LAPOINT,Heavy Truck,0,71,0,0,5,0,0,0,0,0,76
2019,LAYTON,Motorcycle - Standard,0,0,2,0,1899,0,0,0,0,0,1901
2019,LAYTON,Passenger - Standard,39,190,72,1368,30410,748,58,0,64,0,32949
2019,LAYTON,Light Truck,23,2015,6,2979,18283,153,16,0,5,0,23480
2019,LAYTON,Heavy Truck,1,429,0,4,309,0,0,0,0,1,744
2019,LEAMINGTON,Motorcycle - Standard,0,0,0,0,4,0,0,0,0,0,4
2019,LEAMINGTON,Passenger - Standard,0,8,0,9,138,2,0,0,0,0,157
2019,LEAMINGTON,Light Truck,0,69,0,14,81,0,0,0,0,0,164
2019,LEAMINGTON,Heavy Truck,0,7,0,0,1,0,0,0,0,0,8
2019,LEEDS,Motorcycle - Standard,0,0,0,0,72,0,0,0,0,0,72
2019,LEEDS,Passenger - Standard,0,18,4,21,605,26,1,0,0,0,675
2019,LEEDS,Light Truck,1,167,0,58,481,7,3,0,0,0,717
2019,LEEDS,Heavy Truck,0,20,0,1,19,0,0,0,0,0,40
2019,LEHI,Motorcycle - Standard,0,0,3,0,1246,0,0,0,0,0,1249
2019,LEHI,Passenger - Standard,19,159,138,1021,21408,677,43,0,89,0,23554
2019,LEHI,Light Truck,25,2425,12,2628,15013,143,8,0,9,0,20263
2019,LEHI,Heavy Truck,2,940,0,6,180,0,0,0,0,0,1128
2019,LEVAN,Motorcycle - Standard,0,0,0,0,23,0,0,0,0,0,23
2019,LEVAN,Passenger - Standard,1,7,0,29,478,13,0,0,0,0,528
2019,LEVAN,Light Truck,0,174,0,54,388,3,2,0,0,0,621
2019,LEVAN,Heavy Truck,0,33,0,0,8,0,0,0,0,0,41
2019,LEWISTON,Motorcycle - Standard,0,0,0,0,43,0,0,0,0,0,43
2019,LEWISTON,Passenger - Standard,1,9,0,45,741,20,2,0,1,0,819
2019,LEWISTON,Light Truck,1,173,0,84,573,1,0,0,0,0,832
2019,LEWISTON,Heavy Truck,0,72,0,0,18,0,0,0,0,2,92
2019,LIBERTY,Motorcycle - Standard,0,0,0,0,58,0,0,0,0,0,58
2019,LIBERTY,Passenger - Standard,2,6,4,24,483,10,2,0,3,0,534
2019,LIBERTY,Light Truck,2,145,0,76,498,2,2,0,0,0,725
2019,LIBERTY,Heavy Truck,0,31,0,1,5,0,0,0,0,0,37
2019,LINDON,Motorcycle - Standard,0,0,1,0,344,0,0,0,0,0,345
2019,LINDON,Passenger - Standard,10,27,32,206,4416,163,16,0,15,0,4885
2019,LINDON,Light Truck,12,672,5,612,3377,36,7,0,1,0,4722
2019,LINDON,Heavy Truck,0,506,0,1,85,0,0,0,0,1,593
2019,LOA,Motorcycle - Standard,0,0,0,0,19,0,0,0,0,0,19
2019,LOA,Passenger - Standard,0,6,0,28,265,3,0,0,0,0,302
2019,LOA,Light Truck,2,181,0,37,401,0,1,0,0,0,622
2019,LOA,Heavy Truck,0,134,0,10,19,0,0,0,0,0,163
2019,LOGAN,Motorcycle - Standard,0,0,1,1,1267,0,0,0,0,0,1269
2019,LOGAN,Passenger - Low Speed,0,0,1,0,0,0,0,0,0,0,1
2019,LOGAN,Passenger - Standard,21,87,45,761,19534,538,28,0,44,0,21058
2019,LOGAN,Light Truck,17,1201,4,1887,13029,119,7,0,6,0,16270
2019,LOGAN,Heavy Truck,0,1169,1,34,268,0,14,0,0,9,1495
2019,LYMAN,Motorcycle - Standard,0,0,0,0,6,0,0,0,0,0,6
2019,LYMAN,Passenger - Standard,3,3,0,10,97,2,0,0,0,0,115
2019,LYMAN,Light Truck,0,55,0,11,114,1,0,0,0,0,181
2019,LYMAN,Heavy Truck,0,12,0,0,3,0,0,0,0,0,15
2019,MAGNA,Motorcycle - Standard,0,0,0,0,566,0,0,0,0,0,566
2019,MAGNA,Passenger - Standard,8,36,11,589,10171,158,8,1,13,0,10995
2019,MAGNA,Light Truck,9,808,0,1015,5823,28,6,0,0,1,7690
2019,MAGNA,Heavy Truck,0,255,0,1,69,0,0,0,0,0,325
2019,MANILA,Motorcycle - Standard,0,0,0,0,29,0,0,0,0,0,29
2019,MANILA,Passenger - Low Speed,0,0,0,0,1,0,0,0,0,0,1
2019,MANILA,Passenger - Standard,0,2,1,25,440,4,0,0,0,0,472
2019,MANILA,Light Truck,1,289,0,65,538,0,0,0,0,0,893
2019,MANILA,Heavy Truck,0,61,0,2,20,0,0,0,0,0,83
2019,MANTI,Motorcycle - Standard,0,0,0,0,67,0,0,0,0,0,67
2019,MANTI,Passenger - Standard,4,9,0,102,1680,37,1,0,3,0,1836
2019,MANTI,Light Truck,4,277,1,172,1388,3,1,0,0,0,1846
2019,MANTI,Heavy Truck,0,117,0,0,22,0,0,0,0,0,139
2019,MANTUA,Motorcycle - Standard,0,0,0,0,45,0,0,0,0,0,45
2019,MANTUA,Passenger - Standard,1,10,2,26,521,9,5,0,2,0,576
2019,MANTUA,Light Truck,0,106,0,55,357,2,0,0,0,0,520
2019,MANTUA,Heavy Truck,0,22,0,0,6,0,0,0,0,0,28
2019,MAPLETON,Motorcycle - Standard,0,0,0,0,340,0,0,0,0,0,340
2019,MAPLETON,Passenger - Standard,5,36,30,164,3854,122,4,0,9,0,4224
2019,MAPLETON,Light Truck,6,672,3,428,2898,28,7,0,0,0,4042
2019,MAPLETON,Heavy Truck,0,234,0,2,45,0,0,0,0,0,281
2019,MARRIOTT-SLATERVILLE,Motorcycle - Standard,0,0,0,0,1,0,0,0,0,0,1
2019,MARRIOTT-SLATERVILLE,Passenger - Standard,0,0,0,0,3,0,0,0,0,0,3
2019,MARRIOTT-SLATERVILLE,Light Truck,0,2,0,1,2,0,0,0,0,0,5
2019,MARRIOTT-SLATERVILLE,Heavy Truck,0,1,0,0,0,0,0,0,0,0,1
2019,MARYSVALE,Motorcycle - Standard,0,0,0,0,22,0,0,0,0,0,22
2019,MARYSVALE,Passenger - Standard,1,0,0,9,240,1,0,0,0,0,251
2019,MARYSVALE,Light Truck,0,90,0,26,241,0,0,0,0,0,357
2019,MARYSVALE,Heavy Truck,0,20,0,0,0,0,0,0,0,0,20
2019,MAYFIELD,Motorcycle - Standard,0,0,0,0,18,0,0,0,0,0,18
2019,MAYFIELD,Passenger - Standard,2,3,0,18,321,11,0,0,0,0,355
2019,MAYFIELD,Light Truck,0,96,0,45,335,0,0,0,0,0,476
2019,MAYFIELD,Heavy Truck,0,10,0,0,3,0,0,0,0,0,13
2019,MEADOW,Motorcycle - Standard,0,0,0,0,5,0,0,0,0,0,5
2019,MEADOW,Passenger - Standard,0,3,0,16,159,5,0,0,0,0,183
2019,MEADOW,Light Truck,0,41,0,24,161,1,0,0,0,0,227
2019,MEADOW,Heavy Truck,0,9,0,0,1,0,0,0,0,0,10
2019,MENDON,Motorcycle - Standard,0,0,0,0,86,0,0,0,0,0,86
2019,MENDON,Passenger - Standard,0,6,6,33,867,37,5,0,3,0,957
2019,MENDON,Light Truck,3,179,0,94,689,9,0,0,0,0,974
2019,MENDON,Heavy Truck,0,53,0,0,11,0,0,0,0,1,65
2019,MEXICAN HAT,Motorcycle - Standard,0,0,0,0,2,0,0,0,0,0,2
2019,MEXICAN HAT,Passenger - Standard,0,0,0,9,68,0,0,0,0,0,77
2019,MEXICAN HAT,Light Truck,0,16,0,20,81,1,0,0,0,0,118
2019,MEXICAN HAT,Heavy Truck,0,1,0,0,0,0,0,0,0,0,1
2019,MIDVALE,Motorcycle - Standard,0,0,0,0,658,0,0,0,0,0,658
2019,MIDVALE,Passenger - Standard,12,53,37,607,18524,481,9,0,41,0,19764
2019,MIDVALE,Light Truck,13,956,4,3132,14952,86,17,0,1,1,19162
2019,MIDVALE,Heavy Truck,1,1359,0,45,137,0,53,0,0,0,1595
2019,MIDWAY,Motorcycle - Standard,0,0,0,0,305,0,0,0,0,0,305
2019,MIDWAY,Passenger - Standard,1,33,13,128,2401,80,6,0,7,0,2669
2019,MIDWAY,Light Truck,6,431,3,376,2583,39,1,0,4,0,3443
2019,MIDWAY,Heavy Truck,0,84,0,0,32,0,0,0,0,0,116
2019,MILFORD,Motorcycle - Standard,0,0,0,0,31,0,0,0,0,0,31
2019,MILFORD,Passenger - Standard,1,3,0,33,636,6,0,0,0,0,679
2019,MILFORD,Light Truck,3,195,0,105,720,3,1,0,0,0,1027
2019,MILFORD,Heavy Truck,0,85,0,0,12,0,0,0,0,0,97
2019,MILLCREEK,Motorcycle - Standard,0,0,0,0,79,0,0,0,0,0,79
2019,MILLCREEK,Passenger - Standard,0,4,11,38,1160,43,1,0,5,0,1262
2019,MILLCREEK,Light Truck,0,33,1,74,765,16,0,0,0,0,889
2019,MILLCREEK,Heavy Truck,0,3,0,1,4,0,0,0,0,0,8
2019,MILLVILLE,Motorcycle - Standard,0,0,0,0,75,0,0,0,0,0,75
2019,MILLVILLE,Passenger - Standard,0,8,2,35,858,9,2,0,1,0,915
2019,MILLVILLE,Light Truck,0,127,0,99,679,3,0,0,0,0,908
2019,MILLVILLE,Heavy Truck,0,26,0,0,7,0,0,0,0,0,33
2019,MINERSVILLE,Motorcycle - Standard,0,0,0,0,9,0,0,0,0,0,9
2019,MINERSVILLE,Passenger - Standard,1,6,0,21,356,3,0,0,0,0,387
2019,MINERSVILLE,Light Truck,1,136,0,48,350,0,0,0,0,0,535
2019,MINERSVILLE,Heavy Truck,0,36,0,0,7,0,0,0,0,0,43
2019,MOAB,Motorcycle - Standard,0,0,1,0,608,0,0,0,0,0,609
2019,MOAB,Passenger - Low Speed,0,0,1,0,0,0,0,0,0,0,1
2019,MOAB,Passenger - Standard,6,56,5,167,3904,134,0,0,6,0,4278
2019,MOAB,Light Truck,6,921,2,699,4900,24,1,0,2,0,6555
2019,MOAB,Heavy Truck,1,302,0,2,87,0,0,0,0,0,392
2019,MONA,Motorcycle - Standard,0,0,0,0,49,0,0,0,0,0,49
2019,MONA,Passenger - Standard,6,11,0,81,1065,18,6,0,2,0,1189
2019,MONA,Light Truck,0,381,0,126,792,2,2,0,0,0,1303
2019,MONA,Heavy Truck,0,354,0,0,12,0,0,0,0,0,366
2019,MONROE,Motorcycle - Standard,0,0,0,0,72,0,0,0,0,0,72
2019,MONROE,Passenger - Low Speed,0,0,0,0,1,0,0,0,0,0,1
2019,MONROE,Passenger - Standard,10,7,1,77,1373,15,4,0,0,0,1487
2019,MONROE,Light Truck,0,374,0,132,1224,3,3,0,0,0,1736
2019,MONROE,Heavy Truck,0,120,0,0,23,0,0,0,0,0,143
2019,MONTEZUMA CREEK,Motorcycle - Standard,0,0,0,0,22,0,0,0,0,0,22
2019,MONTEZUMA CREEK,Passenger - Standard,1,0,0,38,298,2,0,0,0,0,339
2019,MONTEZUMA CREEK,Light Truck,0,54,0,103,400,1,0,0,0,0,558
2019,MONTEZUMA CREEK,Heavy Truck,0,12,0,0,0,0,0,0,0,0,12
2019,MONTICELLO,Motorcycle - Standard,0,0,0,0,65,0,0,0,0,0,65
2019,MONTICELLO,Passenger - Standard,1,11,1,49,826,19,0,0,0,0,907
2019,MONTICELLO,Light Truck,5,333,0,143,1183,5,0,0,0,0,1669
2019,MONTICELLO,Heavy Truck,0,127,0,1,13,0,0,0,0,0,141
2019,MONUMENT VALLEY,Motorcycle - Standard,0,0,0,0,6,0,0,0,0,0,6
2019,MONUMENT VALLEY,Passenger - Standard,0,0,0,13,103,3,0,0,0,0,119
2019,MONUMENT VALLEY,Light Truck,0,32,0,34,198,1,0,0,0,0,265
2019,MONUMENT VALLEY,Heavy Truck,0,10,0,0,3,0,0,0,0,0,13
2019,MORGAN,Motorcycle - Standard,0,0,1,0,278,0,0,0,0,0,279
2019,MORGAN,Passenger - Standard,9,42,11,241,4049,83,10,0,8,0,4453
2019,MORGAN,Light Truck,7,1222,1,494,3154,22,8,0,0,1,4909
2019,MORGAN,Heavy Truck,3,320,0,1,86,0,0,0,0,0,410
2019,MORONI,Motorcycle - Standard,0,0,0,0,27,0,0,0,0,0,27
2019,MORONI,Passenger - Standard,3,5,0,61,851,7,1,0,2,0,930
2019,MORONI,Light Truck,1,209,0,78,674,1,0,0,0,0,963
2019,MORONI,Heavy Truck,0,63,0,0,16,0,0,0,0,0,79
2019,MOUNT CARMEL,Motorcycle - Standard,0,0,0,0,2,0,0,0,0,0,2
2019,MOUNT CARMEL,Passenger - Standard,0,0,0,5,72,0,0,0,0,0,77
2019,MOUNT CARMEL,Light Truck,0,37,0,10,86,0,0,0,0,0,133
2019,MOUNT CARMEL,Heavy Truck,0,21,0,0,2,0,0,0,0,0,23
2019,MOUNT PLEASANT,Motorcycle - Standard,0,0,0,0,89,0,0,0,0,0,89
2019,MOUNT PLEASANT,Passenger - Standard,5,19,7,95,1854,31,5,0,5,0,2021
2019,MOUNT PLEASANT,Light Truck,4,451,0,191,1480,4,3,0,0,0,2133
2019,MOUNT PLEASANT,Heavy Truck,1,197,0,0,47,0,0,0,0,0,245
2019,MOUNTAIN GREEN,Motorcycle - Standard,0,0,0,0,74,0,0,0,0,0,74
2019,MOUNTAIN GREEN,Passenger - Standard,1,19,3,41,1048,35,5,0,5,0,1157
2019,MOUNTAIN GREEN,Light Truck,2,232,0,134,935,11,0,0,0,0,1314
2019,MOUNTAIN GREEN,Heavy Truck,0,52,0,1,11,0,0,0,0,0,64
2019,MOUNTAIN HOME,Motorcycle - Standard,0,0,0,0,4,0,0,0,0,0,4
2019,MOUNTAIN HOME,Passenger - Standard,1,0,0,13,78,0,0,0,0,0,92
2019,MOUNTAIN HOME,Light Truck,0,86,0,20,117,0,0,0,0,0,223
2019,MOUNTAIN HOME,Heavy Truck,0,41,0,0,1,0,0,0,0,0,42
2019,MURRAY,Motorcycle - Standard,0,0,0,1,962,0,0,0,0,0,963
2019,MURRAY,Passenger - Standard,8,78,69,589,16197,429,12,0,69,0,17451
2019,MURRAY,Light Truck,18,894,3,1349,9660,114,16,0,8,0,12062
2019,MURRAY,Heavy Truck,2,815,0,37,255,0,2,0,0,2,1113
2019,MYTON,Motorcycle - Standard,0,0,0,0,32,0,0,0,0,0,32
2019,MYTON,Passenger - Standard,0,3,0,31,365,2,0,0,0,0,401
2019,MYTON,Light Truck,1,201,0,104,783,3,1,0,0,0,1093
2019,MYTON,Heavy Truck,0,227,0,3,18,0,0,0,0,0,248
2019,NAPLES,Motorcycle - Standard,0,0,0,0,6,0,0,0,0,0,6
2019,NAPLES,Passenger - Standard,0,0,0,13,85,0,0,0,0,0,98
2019,NAPLES,Light Truck,0,37,0,24,114,0,0,0,0,0,175
2019,NAPLES,Heavy Truck,0,11,0,0,0,0,0,0,0,0,11
2019,NEOLA,Motorcycle - Standard,0,0,0,0,21,0,0,0,0,0,21
2019,NEOLA,Passenger - Standard,1,1,0,22,252,2,0,0,1,0,279
2019,NEOLA,Light Truck,0,165,0,42,281,0,0,0,0,0,488
2019,NEOLA,Heavy Truck,0,48,0,0,4,0,0,0,0,0,52
2019,NEPHI,Motorcycle - Standard,0,0,1,0,204,0,0,0,0,0,205
2019,NEPHI,Passenger - Standard,14,24,2,197,3063,51,4,0,4,0,3359
2019,NEPHI,Light Truck,8,939,0,347,2370,4,0,0,0,0,3668
2019,NEPHI,Heavy Truck,2,403,0,12,81,0,0,0,0,1,499
2019,NEW HARMONY,Motorcycle - Standard,0,0,0,0,63,0,0,0,0,0,63
2019,NEW HARMONY,Passenger - Standard,6,16,3,16,589,31,4,0,2,0,667
2019,NEW HARMONY,Light Truck,2,240,0,91,662,6,0,0,0,0,1001
2019,NEW HARMONY,Heavy Truck,0,25,0,0,15,0,0,0,0,0,40
2019,NEWCASTLE,Motorcycle - Standard,0,0,0,0,2,0,0,0,0,0,2
2019,NEWCASTLE,Passenger - Standard,0,2,0,10,122,2,0,0,0,0,136
2019,NEWCASTLE,Light Truck,1,67,0,18,105,1,0,0,0,0,192
2019,NEWCASTLE,Heavy Truck,0,20,0,0,2,0,0,0,0,0,22
2019,NEWTON,Motorcycle - Standard,0,0,0,0,17,0,0,0,0,0,17
2019,NEWTON,Passenger - Standard,0,3,1,22,383,11,0,0,3,0,423
2019,NEWTON,Light Truck,0,89,0,34,342,1,0,0,0,0,466
2019,NEWTON,Heavy Truck,0,31,0,0,15,0,0,0,0,0,46
2019,NIBLEY,Motorcycle - Standard,0,0,0,0,152,0,0,0,0,0,152
2019,NIBLEY,Passenger - Standard,5,12,4,79,1825,35,3,0,8,0,1971
2019,NIBLEY,Light Truck,1,221,1,218,1465,9,1,0,1,0,1917
2019,NIBLEY,Heavy Truck,0,36,0,0,18,0,0,0,0,0,54
2019,NORTH LOGAN,Motorcycle - Standard,0,0,1,0,136,0,0,0,0,0,137
2019,NORTH LOGAN,Passenger - Standard,3,13,9,65,1515,42,2,0,2,0,1651
2019,NORTH LOGAN,Light Truck,3,152,0,118,1018,9,1,0,1,0,1302
2019,NORTH LOGAN,Heavy Truck,0,64,0,1,11,0,0,0,0,0,76
2019,NORTH OGDEN,Motorcycle - Standard,0,0,0,0,232,0,0,0,0,0,232
2019,NORTH OGDEN,Passenger - Standard,12,27,3,162,3312,72,7,0,8,0,3603
2019,NORTH OGDEN,Light Truck,5,370,0,288,1956,15,0,0,1,0,2635
2019,NORTH OGDEN,Heavy Truck,0,57,0,0,28,0,0,0,0,0,85
2019,NORTH SALT LAKE,Motorcycle - Standard,0,0,2,0,503,0,0,0,0,0,505
2019,NORTH SALT LAKE,Passenger - Standard,3,54,56,328,7808,208,17,1,36,0,8511
2019,NORTH SALT LAKE,Light Truck,11,544,4,1034,5742,74,11,0,5,0,7425
2019,NORTH SALT LAKE,Heavy Truck,0,709,0,32,147,0,1,0,0,0,889
2019,OAK CITY,Motorcycle - Standard,0,0,0,0,31,0,0,0,0,0,31
2019,OAK CITY,Passenger - Standard,2,9,2,23,445,5,0,0,0,0,486
2019,OAK CITY,Light Truck,0,132,0,37,274,1,0,0,0,0,444
2019,OAK CITY,Heavy Truck,0,16,0,0,4,0,0,0,0,0,20
2019,OAKLEY,Motorcycle - Standard,0,0,0,0,64,0,0,0,0,0,64
2019,OAKLEY,Passenger - Standard,1,11,2,38,802,21,4,0,4,0,883
2019,OAKLEY,Light Truck,2,268,1,120,775,6,1,0,0,0,1173
2019,OAKLEY,Heavy Truck,0,71,0,2,19,0,0,0,0,0,92
2019,OGDEN,Motorcycle - Standard,0,0,4,1,3276,0,0,1,0,0,3282
2019,OGDEN,Passenger - Low Speed,0,0,2,0,1,0,0,0,0,0,3
2019,OGDEN,Passenger - Standard,44,271,125,2347,51339,967,61,1,99,0,55254
2019,OGDEN,Light Truck,45,4676,8,5049,32777,268,37,0,4,1,42865
2019,OGDEN,Heavy Truck,5,3153,0,24,563,0,13,0,0,0,3758
2019,ORANGEVILLE,Motorcycle - Standard,0,0,0,0,38,0,0,0,0,0,38
2019,ORANGEVILLE,Passenger - Standard,1,4,0,60,556,9,0,0,1,0,631
2019,ORANGEVILLE,Light Truck,3,181,0,111,568,0,0,0,0,0,863
2019,ORANGEVILLE,Heavy Truck,0,43,0,0,7,0,0,0,0,0,50
2019,ORDERVILLE,Motorcycle - Standard,0,0,0,0,19,0,0,0,0,0,19
2019,ORDERVILLE,Passenger - Standard,1,4,0,9,221,4,0,0,0,0,239
2019,ORDERVILLE,Light Truck,0,75,0,24,269,0,0,0,0,1,369
2019,ORDERVILLE,Heavy Truck,0,29,0,0,5,0,0,0,0,0,34
2019,OREM,Motorcycle - Standard,0,0,1,1,1901,0,0,0,0,0,1903
2019,OREM,Passenger - Low Speed,0,0,2,0,0,0,0,0,0,0,2
2019,OREM,Passenger - Standard,51,255,100,1454,37720,1065,69,0,89,1,40804
2019,OREM,Light Truck,32,1950,17,2839,19902,196,20,0,13,1,24970
2019,OREM,Heavy Truck,3,1411,0,36,386,0,43,0,0,0,1879
2019,PANGUITCH,Motorcycle - Standard,0,0,0,0,40,0,0,0,0,0,40
2019,PANGUITCH,Passenger - Low Speed,0,0,0,0,1,0,0,0,0,0,1
2019,PANGUITCH,Passenger - Standard,2,5,0,58,812,8,1,0,0,0,886
2019,PANGUITCH,Light Truck,3,318,0,141,1053,0,0,0,0,0,1515
2019,PANGUITCH,Heavy Truck,0,132,0,0,18,0,0,0,0,0,150
2019,PARADISE,Motorcycle - Standard,0,0,0,0,53,0,0,0,0,0,53
2019,PARADISE,Passenger - Standard,2,13,1,23,677,9,2,0,1,0,728
2019,PARADISE,Light Truck,4,196,1,77,656,3,2,0,0,0,939
2019,PARADISE,Heavy Truck,0,35,0,0,12,0,0,0,0,0,47
2019,PARAGONAH,Motorcycle - Standard,0,0,0,0,17,0,0,0,0,0,17
2019,PARAGONAH,Passenger - Standard,0,7,0,15,245,4,0,0,0,0,271
2019,PARAGONAH,Light Truck,0,98,0,38,287,1,0,0,0,0,424
2019,PARAGONAH,Heavy Truck,0,17,0,0,7,0,0,0,0,0,24
2019,PARK CITY,Motorcycle - Standard,0,0,1,1,1317,0,0,0,0,0,1319
2019,PARK CITY,Passenger - Low Speed,0,0,2,0,0,0,0,0,0,0,2
2019,PARK CITY,Passenger - Standard,4,199,229,649,13078,261,9,0,66,0,14495
2019,PARK CITY,Light Truck,12,1515,79,2224,15052,306,7,0,47,0,19242
2019,PARK CITY,Heavy Truck,0,468,3,12,121,0,9,0,0,2,615
2019,PARK VALLEY,Motorcycle - Standard,0,0,0,0,4,0,0,0,0,0,4
2019,PARK VALLEY,Passenger - Standard,0,0,0,7,50,1,0,0,0,0,58
2019,PARK VALLEY,Light Truck,0,44,0,9,70,0,0,0,0,0,123
2019,PARK VALLEY,Heavy Truck,0,40,0,0,0,0,0,0,0,0,40
2019,PAROWAN,Motorcycle - Standard,0,0,1,0,128,0,0,0,0,0,129
2019,PAROWAN,Passenger - Low Speed,0,0,1,0,0,0,0,0,0,0,1
2019,PAROWAN,Passenger - Standard,4,29,0,68,1355,24,1,0,0,0,1481
2019,PAROWAN,Light Truck,0,423,1,191,1510,7,1,0,0,0,2133
2019,PAROWAN,Heavy Truck,0,126,0,0,30,0,0,0,0,0,156
2019,PAYSON,Motorcycle - Standard,0,0,0,0,483,0,0,0,0,0,483
2019,PAYSON,Passenger - Low Speed,0,0,1,0,0,0,0,0,0,0,1
2019,PAYSON,Passenger - Standard,18,75,7,409,8410,156,12,0,11,0,9098
2019,PAYSON,Light Truck,16,1406,0,798,5422,27,3,0,3,0,7675
2019,PAYSON,Heavy Truck,2,310,0,0,72,0,2,0,0,6,392
2019,PEOA,Motorcycle - Standard,0,0,0,0,13,0,0,0,0,0,13
2019,PEOA,Passenger - Standard,0,2,0,15,190,0,0,0,0,0,207
2019,PEOA,Light Truck,0,78,0,28,204,3,1,0,0,0,314
2019,PEOA,Heavy Truck,0,17,0,0,0,0,0,0,0,0,17
2019,PERRY,Motorcycle - Standard,0,0,0,0,161,0,0,0,0,0,161
2019,PERRY,Passenger - Standard,8,12,3,118,2252,57,8,0,10,0,2468
2019,PERRY,Light Truck,4,358,0,250,1575,12,4,0,1,0,2204
2019,PERRY,Heavy Truck,0,65,0,0,24,0,0,0,0,0,89
2019,PINE VALLEY,Motorcycle - Standard,0,0,0,0,14,0,0,0,0,0,14
2019,PINE VALLEY,Passenger - Standard,0,0,1,3,104,7,1,0,0,0,116
2019,PINE VALLEY,Light Truck,0,32,0,15,153,0,1,0,0,0,201
2019,PINE VALLEY,Heavy Truck,0,11,0,0,1,0,0,0,0,0,12
2019,PLAIN CITY,Motorcycle - Standard,0,0,0,0,170,0,0,0,0,0,170
2019,PLAIN CITY,Passenger - Low Speed,0,0,0,0,1,0,0,0,0,0,1
2019,PLAIN CITY,Passenger - Standard,0,22,5,126,2258,25,3,0,8,0,2447
2019,PLAIN CITY,Light Truck,3,597,0,261,1700,8,4,0,0,0,2573
2019,PLAIN CITY,Heavy Truck,0,86,0,0,34,0,0,0,0,0,120
2019,PLEASANT GROVE,Motorcycle - Standard,0,0,1,0,837,0,0,0,0,0,838
2019,PLEASANT GROVE,Passenger - Low Speed,0,0,0,0,1,0,0,0,0,0,1
2019,PLEASANT GROVE,Passenger - Standard,15,105,42,615,13666,375,31,0,35,0,14884
2019,PLEASANT GROVE,Light Truck,18,1224,1,1198,8230,55,7,0,6,0,10739
2019,PLEASANT GROVE,Heavy Truck,2,473,0,39,180,0,0,0,0,0,694
2019,PLEASANT VIEW,Motorcycle - Standard,0,0,0,0,273,0,0,0,0,0,273
2019,PLEASANT VIEW,Passenger - Standard,2,25,4,162,3313,83,4,0,11,0,3604
2019,PLEASANT VIEW,Light Truck,6,414,2,334,2297,24,1,0,1,0,3079
2019,PLEASANT VIEW,Heavy Truck,0,86,0,0,34,0,0,0,0,0,120
2019,PLYMOUTH,Motorcycle - Standard,0,0,0,0,21,0,0,0,0,0,21
2019,PLYMOUTH,Passenger - Standard,0,3,1,18,225,1,0,0,0,0,248
2019,PLYMOUTH,Light Truck,0,81,0,21,158,1,1,0,0,0,262
2019,PLYMOUTH,Heavy Truck,0,19,0,0,4,0,0,0,0,0,23
2019,PORTAGE,Motorcycle - Standard,0,0,0,0,11,0,0,0,0,0,11
2019,PORTAGE,Passenger - Standard,0,0,0,5,150,3,0,0,0,0,158
2019,PORTAGE,Light Truck,1,53,0,10,86,0,0,0,0,0,150
2019,PORTAGE,Heavy Truck,0,4,0,0,3,0,0,0,0,0,7
2019,PRICE,Motorcycle - Standard,0,0,0,0,398,0,0,0,0,0,398
2019,PRICE,Passenger - Standard,11,37,2,399,5506,70,5,0,5,0,6035
2019,PRICE,Light Truck,9,1283,1,755,4784,15,8,0,0,0,6855
2019,PRICE,Heavy Truck,0,445,0,5,130,0,1,0,0,1,582
2019,PROVIDENCE,Motorcycle - Standard,0,0,0,0,232,1,0,0,0,0,233
2019,PROVIDENCE,Passenger - Standard,2,16,10,124,2826,81,6,0,5,0,3070
2019,PROVIDENCE,Light Truck,3,275,0,283,2332,22,1,0,0,0,2916
2019,PROVIDENCE,Heavy Truck,0,55,0,1,29,0,0,0,0,0,85
2019,PROVO,Motorcycle - Standard,0,0,3,0,2088,0,0,0,0,0,2091
2019,PROVO,Passenger - Low Speed,0,0,10,0,0,0,0,0,0,0,10
2019,PROVO,Passenger - Standard,35,203,117,1194,35939,1097,44,0,88,0,38717
2019,PROVO,Light Truck,34,1594,24,2570,18140,203,22,1,14,2,22604
2019,PROVO,Heavy Truck,6,831,0,23,250,0,0,0,0,5,1115
2019,RANDLETT,Motorcycle - Standard,0,0,0,0,13,0,0,0,0,0,13
2019,RANDLETT,Passenger - Standard,0,0,0,21,149,2,0,0,0,0,172
2019,RANDLETT,Light Truck,0,64,0,37,209,0,0,0,0,0,310
2019,RANDLETT,Heavy Truck,0,33,0,0,3,0,0,0,0,0,36
2019,RANDOLPH,Motorcycle - Standard,0,0,0,0,9,0,0,0,0,0,9
2019,RANDOLPH,Passenger - Standard,1,4,0,40,299,1,1,0,0,0,346
2019,RANDOLPH,Light Truck,0,173,0,46,293,0,0,0,0,0,512
2019,RANDOLPH,Heavy Truck,0,64,0,0,7,0,0,0,0,0,71
2019,REDMOND,Motorcycle - Standard,0,0,0,0,16,0,0,0,0,0,16
2019,REDMOND,Passenger - Standard,1,5,0,20,356,1,0,0,0,0,383
2019,REDMOND,Light Truck,3,137,0,43,390,0,0,0,0,0,573
2019,REDMOND,Heavy Truck,0,47,0,2,10,0,0,0,0,0,59
2019,RICHFIELD,Motorcycle - Standard,0,0,0,0,173,0,0,0,0,0,173
2019,RICHFIELD,Passenger - Standard,14,21,0,238,3260,35,4,0,3,0,3575
2019,RICHFIELD,Light Truck,8,703,0,442,2869,9,3,0,0,0,4034
2019,RICHFIELD,Heavy Truck,3,473,0,5,65,0,2,0,0,0,548
2019,RICHMOND,Motorcycle - Standard,0,0,0,0,74,0,0,0,0,0,74
2019,RICHMOND,Passenger - Standard,2,10,2,63,1122,13,2,0,2,0,1216
2019,RICHMOND,Light Truck,3,169,0,125,894,5,0,0,0,0,1196
2019,RICHMOND,Heavy Truck,0,68,0,0,16,0,0,0,0,0,84
2019,RIVER HEIGHTS,Motorcycle - Standard,0,0,0,0,53,0,0,0,0,0,53
2019,RIVER HEIGHTS,Passenger - Standard,0,6,6,22,558,13,1,0,3,0,609
2019,RIVER HEIGHTS,Light Truck,0,44,0,67,482,4,1,0,0,0,598
2019,RIVER HEIGHTS,Heavy Truck,0,8,0,0,4,0,0,0,0,0,12
2019,RIVERDALE,Motorcycle - Standard,0,0,0,0,228,0,0,0,0,0,228
2019,RIVERDALE,Passenger - Standard,4,11,7,128,2928,60,8,0,3,0,3149
2019,RIVERDALE,Light Truck,2,256,0,253,1695,9,0,0,0,0,2215
2019,RIVERDALE,Heavy Truck,0,93,0,2,30,0,11,0,0,0,136
2019,RIVERSIDE,Motorcycle - Standard,0,0,0,0,7,0,0,0,0,0,7
2019,RIVERSIDE,Passenger - Standard,2,1,0,10,147,1,0,0,1,0,162
2019,RIVERSIDE,Light Truck,0,63,0,18,140,0,0,0,0,0,221
2019,RIVERSIDE,Heavy Truck,0,18,0,0,2,0,0,0,0,0,20
2019,RIVERTON,Motorcycle - Standard,0,0,0,1,1155,0,0,1,0,0,1157
2019,RIVERTON,Passenger - Low Speed,0,0,0,0,1,0,0,0,0,0,1
2019,RIVERTON,Passenger - Standard,12,83,79,824,17110,461,24,0,54,0,18647
2019,RIVERTON,Light Truck,17,2343,3,1792,10993,105,13,0,4,0,15270
2019,RIVERTON,Heavy Truck,1,375,0,5,223,0,0,0,0,0,604
2019,ROCKVILLE,Motorcycle - Standard,0,0,0,0,17,0,0,0,0,0,17
2019,ROCKVILLE,Passenger - Standard,1,2,2,2,132,12,1,0,1,0,153
2019,ROCKVILLE,Light Truck,3,25,0,10,134,3,0,0,0,0,175
2019,ROCKVILLE,Heavy Truck,0,3,0,0,3,0,0,0,0,0,6
2019,ROCKY RIDGE,Motorcycle - Standard,0,0,0,0,5,0,0,0,0,0,5
2019,ROCKY RIDGE,Passenger - Standard,0,0,0,6,210,11,1,0,0,0,228
2019,ROCKY RIDGE,Light Truck,2,28,0,10,81,0,0,0,0,0,121
2019,ROCKY RIDGE,Heavy Truck,0,13,0,0,0,0,0,0,0,0,13
2019,ROOSEVELT,Motorcycle - Standard,0,0,0,0,348,0,0,0,0,0,348
2019,ROOSEVELT,Passenger - Standard,3,27,5,322,3349,31,2,0,1,0,3740
2019,ROOSEVELT,Light Truck,8,1425,2,1104,4324,6,3,0,0,0,6872
2019,ROOSEVELT,Heavy Truck,0,1005,0,15,104,0,0,0,0,4,1128
2019,ROY,Motorcycle - Standard,0,0,0,2,1105,0,0,1,0,0,1108
2019,ROY,Passenger - Standard,19,82,20,713,15690,277,17,0,16,0,16834
2019,ROY,Light Truck,19,1568,0,1425,8856,48,6,0,3,0,11925
2019,ROY,Heavy Truck,1,191,0,0,118,0,1,0,0,0,311
2019,RUSH VALLEY,Motorcycle - Standard,0,0,0,0,26,0,0,0,0,0,26
2019,RUSH VALLEY,Passenger - Standard,0,5,1,9,233,7,0,0,0,0,255
2019,RUSH VALLEY,Light Truck,0,142,0,12,198,0,0,0,0,0,352
2019,RUSH VALLEY,Heavy Truck,0,17,0,0,4,0,0,0,0,0,21
2019,SAINT GEORGE,Motorcycle - Standard,0,0,2,0,2708,0,0,2,0,0,2712
2019,SAINT GEORGE,Passenger - Low Speed,0,0,8,0,0,0,0,0,0,0,8
2019,SAINT GEORGE,Passenger - Standard,25,304,107,1439,38033,1376,78,0,68,0,41430
2019,SAINT GEORGE,Light Truck,37,4679,10,4175,28102,241,69,0,7,1,37321
2019,SAINT GEORGE,Heavy Truck,2,2688,0,29,593,0,4,0,0,0,3316
2019,SALEM,Motorcycle - Standard,0,0,0,0,230,0,0,0,0,0,230
2019,SALEM,Passenger - Standard,3,39,7,169,3121,75,7,0,6,0,3427
2019,SALEM,Light Truck,5,628,0,401,2491,12,2,0,0,0,3539
2019,SALEM,Heavy Truck,0,104,0,0,38,0,0,0,0,0,142
2019,SALINA,Motorcycle - Standard,0,0,0,0,64,0,0,0,0,0,64
2019,SALINA,Passenger - Low Speed,0,0,0,0,1,0,0,0,0,0,1
2019,SALINA,Passenger - Standard,1,5,0,68,1123,6,2,0,0,0,1205
2019,SALINA,Light Truck,3,381,0,150,1208,3,1,0,0,0,1746
2019,SALINA,Heavy Truck,1,530,0,2,23,0,0,0,0,0,556
2019,SALT LAKE CITY,Motorcycle - Standard,0,0,16,3,8104,0,0,3,0,0,8126
2019,SALT LAKE CITY,Passenger - Low Speed,0,0,4,0,2,0,0,0,0,0,6
2019,SALT LAKE CITY,Passenger - Standard,93,874,1252,5491,143764,4968,138,3,534,0,157117
2019,SALT LAKE CITY,Light Truck,114,16710,103,14279,99663,1630,132,0,119,1,132751
2019,SALT LAKE CITY,Heavy Truck,36,11607,4,255,1692,0,91,3,0,6,13694
2019,SANDY,Motorcycle - Standard,0,0,2,1,3153,1,0,0,0,0,3157
2019,SANDY,Passenger - Low Speed,0,0,2,0,2,0,0,0,0,0,4
2019,SANDY,Passenger - Standard,23,280,294,1640,45667,1212,49,1,127,0,49293
2019,SANDY,Light Truck,35,2960,31,4300,29493,458,20,0,23,0,37320
2019,SANDY,Heavy Truck,4,1061,0,15,410,0,11,0,0,0,1501
2019,SANTA CLARA,Motorcycle - Standard,0,0,0,0,279,0,0,0,0,0,279
2019,SANTA CLARA,Passenger - Low Speed,0,0,3,0,0,0,0,0,0,0,3
2019,SANTA CLARA,Passenger - Standard,5,40,11,101,2998,114,10,0,5,0,3284
2019,SANTA CLARA,Light Truck,7,457,3,321,2300,17,1,0,1,0,3107
2019,SANTA CLARA,Heavy Truck,0,115,0,4,39,0,0,0,0,0,158
2019,SANTAQUIN,Motorcycle - Standard,0,0,1,0,238,0,0,0,0,0,239
2019,SANTAQUIN,Passenger - Standard,8,38,4,228,3949,59,16,0,6,0,4308
2019,SANTAQUIN,Light Truck,1,762,0,494,2704,13,3,0,2,0,3979
2019,SANTAQUIN,Heavy Truck,0,89,0,1,23,0,0,0,0,0,113
2019,SARATOGA SPRINGS,Motorcycle - Standard,0,0,2,1,522,0,0,1,0,0,526
2019,SARATOGA SPRINGS,Passenger - Standard,10,71,41,448,9399,346,21,0,59,0,10395
2019,SARATOGA SPRINGS,Light Truck,3,825,2,1118,6171,58,3,0,5,0,8185
2019,SARATOGA SPRINGS,Heavy Truck,0,134,0,5,49,0,0,0,0,0,188
2019,SCIPIO,Motorcycle - Standard,0,0,0,0,5,0,0,0,0,0,5
2019,SCIPIO,Passenger - Standard,2,0,1,8,146,4,0,0,1,0,162
2019,SCIPIO,Light Truck,1,62,0,17,162,0,0,0,0,0,242
2019,SCIPIO,Heavy Truck,0,4,0,0,2,0,0,0,0,0,6
2019,SCOFIELD,Motorcycle - Standard,0,0,0,0,4,0,0,0,0,0,4
2019,SCOFIELD,Passenger - Standard,0,1,0,0,45,0,0,0,0,0,46
2019,SCOFIELD,Light Truck,0,19,0,5,42,0,0,0,0,0,66
2019,SCOFIELD,Heavy Truck,0,6,0,0,1,0,0,0,0,0,7
2019,SEVIER,Motorcycle - Standard,0,0,0,0,4,0,0,0,0,0,4
2019,SEVIER,Passenger - Standard,0,0,0,3,72,0,0,0,0,0,75
2019,SEVIER,Light Truck,1,18,0,7,73,0,0,0,0,0,99
2019,SEVIER,Heavy Truck,0,1,0,0,1,0,0,0,0,0,2
2019,SIGURD,Motorcycle - Standard,0,0,0,0,14,0,0,0,0,0,14
2019,SIGURD,Passenger - Standard,4,1,0,19,202,1,0,0,1,0,228
2019,SIGURD,Light Truck,2,95,0,19,224,0,0,0,0,0,340
2019,SIGURD,Heavy Truck,0,50,0,0,3,0,0,0,0,0,53
2019,SMITHFIELD,Motorcycle - Standard,0,0,0,0,417,0,0,0,0,0,417
2019,SMITHFIELD,Passenger - Low Speed,0,0,1,0,1,0,0,0,0,0,2
2019,SMITHFIELD,Passenger - Standard,10,29,14,197,4622,116,3,0,9,0,5000
2019,SMITHFIELD,Light Truck,8,534,0,563,3728,29,2,0,0,0,4864
2019,SMITHFIELD,Heavy Truck,0,309,0,1,55,0,0,0,0,0,365
2019,SNOWVILLE,Motorcycle - Standard,0,0,0,0,7,0,0,0,0,0,7
2019,SNOWVILLE,Passenger - Standard,0,1,0,12,116,0,0,0,0,0,129
2019,SNOWVILLE,Light Truck,0,47,0,8,113,1,0,0,0,0,169
2019,SNOWVILLE,Heavy Truck,0,30,0,1,6,0,0,0,0,0,37
2019,SOUTH JORDAN,Motorcycle - Standard,0,0,0,0,1690,0,0,0,0,0,1690
2019,SOUTH JORDAN,Passenger - Low Speed,0,0,1,0,0,0,0,0,0,0,1
2019,SOUTH JORDAN,Passenger - Standard,11,143,196,1049,26594,952,42,1,110,0,29098
2019,SOUTH JORDAN,Light Truck,22,2337,15,2587,18102,222,9,0,20,0,23314
2019,SOUTH JORDAN,Heavy Truck,2,386,0,12,243,0,0,0,0,1,644
2019,SOUTH OGDEN,Motorcycle - Standard,0,0,0,0,103,0,0,0,0,0,103
2019,SOUTH OGDEN,Passenger - Standard,0,9,3,68,1397,19,5,0,2,0,1503
2019,SOUTH OGDEN,Light Truck,0,79,1,102,783,10,0,0,1,0,976
2019,SOUTH OGDEN,Heavy Truck,0,12,0,2,11,0,0,0,0,0,25
2019,SOUTH SALT LAKE,Motorcycle - Standard,0,0,0,0,111,0,0,0,0,0,111
2019,SOUTH SALT LAKE,Passenger - Standard,1,4,7,95,2097,63,1,0,7,0,2275
2019,SOUTH SALT LAKE,Light Truck,1,118,0,261,1587,7,1,0,1,0,1976
2019,SOUTH SALT LAKE,Heavy Truck,2,319,0,7,66,0,1,0,0,0,395
2019,SOUTH WEBER,Motorcycle - Standard,0,0,0,0,204,0,0,0,0,0,204
2019,SOUTH WEBER,Passenger - Standard,4,20,13,108,2494,70,3,0,11,0,2723
2019,SOUTH WEBER,Light Truck,7,285,0,273,1659,17,3,0,0,0,2244
2019,SOUTH WEBER,Heavy Truck,0,51,0,1,23,0,0,0,0,0,75
2019,SPANISH FORK,Motorcycle - Standard,0,0,0,0,844,0,0,0,0,0,844
2019,SPANISH FORK,Passenger - Standard,24,112,30,755,14789,364,27,0,36,0,16137
2019,SPANISH FORK,Light Truck,15,2162,2,1670,9886,41,7,0,0,1,13784
2019,SPANISH FORK,Heavy Truck,1,847,0,10,147,0,0,0,0,0,1005
2019,SPRING CITY,Motorcycle - Standard,0,0,0,0,43,0,0,0,0,0,43
2019,SPRING CITY,Passenger - Standard,2,9,1,23,675,10,1,0,0,0,721
2019,SPRING CITY,Light Truck,3,157,0,65,645,3,1,0,0,0,874
2019,SPRING CITY,Heavy Truck,0,37,0,0,14,0,0,0,0,0,51
2019,SPRINGDALE,Motorcycle - Standard,0,0,0,0,43,0,0,0,0,0,43
2019,SPRINGDALE,Passenger - Low Speed,0,0,1,0,0,0,0,0,0,0,1
2019,SPRINGDALE,Passenger - Standard,0,5,2,12,326,23,1,0,2,0,371
2019,SPRINGDALE,Light Truck,0,52,3,43,353,5,1,0,0,1,458
2019,SPRINGDALE,Heavy Truck,0,7,0,0,3,0,0,0,0,1,11
2019,SPRINGVILLE,Motorcycle - Standard,0,0,0,0,790,0,0,2,0,0,792
2019,SPRINGVILLE,Passenger - Standard,15,92,17,562,12447,278,26,0,28,0,13465
2019,SPRINGVILLE,Light Truck,30,1167,1,1255,7962,60,16,1,3,0,10495
2019,SPRINGVILLE,Heavy Truck,3,890,0,30,123,0,2,0,0,0,1048
2019,STANSBURY PARK,Motorcycle - Standard,0,0,0,0,314,0,0,0,0,0,314
2019,STANSBURY PARK,Passenger - Standard,4,33,12,208,4655,112,8,0,14,0,5046
2019,STANSBURY PARK,Light Truck,4,423,3,416,2592,12,5,0,1,0,3456
2019,STANSBURY PARK,Heavy Truck,0,54,0,1,37,0,0,0,0,0,92
2019,STERLING,Motorcycle - Standard,0,0,0,0,10,0,0,0,0,0,10
2019,STERLING,Passenger - Standard,0,1,0,7,173,1,1,0,1,0,184
2019,STERLING,Light Truck,1,54,0,15,182,0,0,0,0,0,252
2019,STERLING,Heavy Truck,0,10,0,0,1,0,0,0,0,0,11
2019,STOCKTON,Motorcycle - Standard,0,0,0,0,63,0,0,0,0,0,63
2019,STOCKTON,Passenger - Standard,1,17,0,34,658,15,0,0,0,0,725
2019,STOCKTON,Light Truck,2,226,0,87,543,2,1,0,0,0,861
2019,STOCKTON,Heavy Truck,0,25,0,0,10,0,0,0,0,0,35
2019,SUMMIT,Passenger - Standard,0,1,1,5,96,1,0,0,0,0,104
2019,SUMMIT,Light Truck,1,28,0,7,92,0,0,0,0,0,128
2019,SUMMIT,Heavy Truck,0,4,0,0,1,0,0,0,0,0,5
2019,SUNNYSIDE,Motorcycle - Standard,0,0,0,0,9,0,0,0,0,0,9
2019,SUNNYSIDE,Passenger - Standard,0,2,0,8,141,0,0,0,1,0,152
2019,SUNNYSIDE,Light Truck,0,24,0,21,137,0,0,0,0,0,182
2019,SUNNYSIDE,Heavy Truck,0,6,0,0,2,0,0,0,0,0,8
2019,SUNSET,Motorcycle - Standard,0,0,0,0,124,0,0,0,0,0,124
2019,SUNSET,Passenger - Standard,1,8,1,111,1855,30,3,0,2,0,2011
2019,SUNSET,Light Truck,2,107,1,143,998,5,0,0,0,0,1256
2019,SUNSET,Heavy Truck,0,14,0,0,17,0,0,0,0,0,31
2019,SYRACUSE,Motorcycle - Standard,0,0,0,0,704,0,0,0,0,0,704
2019,SYRACUSE,Passenger - Standard,8,50,34,542,11013,276,29,0,24,0,11976
2019,SYRACUSE,Light Truck,6,1118,1,1263,7060,66,2,0,3,0,9519
2019,SYRACUSE,Heavy Truck,1,180,0,7,128,0,0,0,0,0,316
2019,TABIONA,Motorcycle - Standard,0,0,0,0,7,0,0,0,0,0,7
2019,TABIONA,Passenger - Standard,0,3,0,19,257,0,0,0,0,0,279
2019,TABIONA,Light Truck,1,112,0,36,254,0,0,0,0,0,403
2019,TABIONA,Heavy Truck,0,35,0,0,1,0,0,0,0,0,36
2019,TALMAGE,Motorcycle - Standard,0,0,0,0,6,0,0,0,0,0,6
2019,TALMAGE,Passenger - Standard,0,1,0,9,85,0,0,0,0,0,95
2019,TALMAGE,Light Truck,0,81,0,15,121,0,0,0,0,0,217
2019,TALMAGE,Heavy Truck,0,15,0,0,4,0,0,0,0,0,19
2019,TAYLOR,Motorcycle - Standard,0,0,0,0,27,0,0,0,0,0,27
2019,TAYLOR,Passenger - Standard,0,1,1,14,284,4,1,0,0,0,305
2019,TAYLOR,Light Truck,2,103,0,27,207,2,0,0,0,0,341
2019,TAYLOR,Heavy Truck,0,14,0,0,2,0,0,0,0,0,16
2019,TAYLORSVILLE,Motorcycle - Standard,0,0,0,0,1191,0,1,0,0,0,1192
2019,TAYLORSVILLE,Passenger - Low Speed,0,0,1,0,0,0,0,0,0,0,1
2019,TAYLORSVILLE,Passenger - Standard,19,68,47,970,21523,439,23,0,40,0,23129
2019,TAYLORSVILLE,Light Truck,13,1194,1,1584,11826,78,8,0,2,0,14706
2019,TAYLORSVILLE,Heavy Truck,0,281,0,7,157,0,0,0,0,1,446
2019,TEASDALE,Motorcycle - Standard,0,0,0,0,5,0,0,0,0,0,5
2019,TEASDALE,Passenger - Standard,0,3,0,7,116,1,0,0,0,0,127
2019,TEASDALE,Light Truck,1,55,0,19,183,0,0,0,0,0,258
2019,TEASDALE,Heavy Truck,0,2,0,0,4,0,0,0,0,0,6
2019,THATCHER,Motorcycle - Standard,0,0,0,1,3,0,0,0,0,0,4
2019,THATCHER,Passenger - Standard,0,0,0,10,155,3,1,0,3,0,172
2019,THATCHER,Light Truck,1,57,0,17,109,0,0,0,0,0,184
2019,THATCHER,Heavy Truck,0,7,0,0,1,0,0,0,0,0,8
2019,TOOELE,Motorcycle - Standard,0,0,0,0,1120,0,0,0,0,0,1120
2019,TOOELE,Passenger - Standard,24,128,14,912,17317,284,12,0,19,1,18711
2019,TOOELE,Light Truck,18,2103,0,1398,10067,36,7,0,0,0,13629
2019,TOOELE,Heavy Truck,0,474,0,9,169,0,1,0,0,0,653
2019,TOQUERVILLE,Motorcycle - Standard,0,0,0,0,58,0,0,0,0,0,58
2019,TOQUERVILLE,Passenger - Standard,3,17,1,29,727,36,3,0,2,0,818
2019,TOQUERVILLE,Light Truck,2,159,0,71,601,2,1,0,0,0,836
2019,TOQUERVILLE,Heavy Truck,0,24,0,1,22,0,0,0,0,0,47
2019,TORREY,Motorcycle - Standard,0,0,0,0,29,0,0,0,0,0,29
2019,TORREY,Passenger - Standard,0,3,2,7,215,7,0,0,1,0,235
2019,TORREY,Light Truck,0,91,0,20,291,3,0,0,0,0,405
2019,TORREY,Heavy Truck,0,5,0,0,4,0,0,0,0,0,9
2019,TREMONTON,Motorcycle - Standard,0,0,0,0,304,0,0,0,0,0,304
2019,TREMONTON,Passenger - Low Speed,0,0,1,0,0,0,0,0,0,0,1
2019,TREMONTON,Passenger - Standard,20,42,7,301,5014,75,10,0,5,0,5474
2019,TREMONTON,Light Truck,9,1299,0,543,3500,11,1,0,1,0,5364
2019,TREMONTON,Heavy Truck,0,544,0,1,95,0,0,0,0,0,640
2019,TRENTON,Motorcycle - Standard,0,0,0,0,17,0,0,0,0,0,17
2019,TRENTON,Passenger - Standard,1,3,1,8,212,5,0,0,0,0,230
2019,TRENTON,Light Truck,0,50,0,17,172,0,0,0,0,0,239
2019,TRENTON,Heavy Truck,0,19,0,0,6,0,0,0,0,0,25
2019,TRIDELL,Motorcycle - Standard,0,0,0,0,7,0,0,0,0,0,7
2019,TRIDELL,Passenger - Standard,0,0,0,6,117,0,0,0,0,0,123
2019,TRIDELL,Light Truck,0,29,0,25,117,0,0,0,0,0,171
2019,TRIDELL,Heavy Truck,0,7,0,0,0,0,0,0,0,0,7
2019,TROPIC,Motorcycle - Standard,0,0,0,0,3,0,0,0,0,0,3
2019,TROPIC,Passenger - Standard,0,1,0,15,173,7,0,0,0,0,196
2019,TROPIC,Light Truck,1,79,0,31,224,1,0,0,0,0,336
2019,TROPIC,Heavy Truck,0,12,0,0,4,0,0,0,0,0,16
2019,UINTAH,Motorcycle - Standard,0,0,0,0,46,0,0,0,0,0,46
2019,UINTAH,Passenger - Standard,0,2,0,17,352,9,0,0,0,0,380
2019,UINTAH,Light Truck,0,62,0,43,258,0,0,0,0,0,363
2019,UINTAH,Heavy Truck,0,20,0,0,10,0,0,0,0,0,30
2019,VENICE,Motorcycle - Standard,0,0,0,0,8,0,0,0,0,0,8
2019,VENICE,Passenger - Standard,0,0,0,8,108,0,0,0,0,0,116
2019,VENICE,Light Truck,1,51,0,21,118,0,0,0,0,0,191
2019,VENICE,Heavy Truck,0,25,0,1,4,0,0,0,0,0,30
2019,VERNAL,Motorcycle - Standard,0,0,0,0,896,0,0,0,0,0,896
2019,VERNAL,Passenger - Standard,9,78,3,729,8481,69,3,0,3,0,9375
2019,VERNAL,Light Truck,17,3259,0,2124,10486,22,0,0,0,3,15911
2019,VERNAL,Heavy Truck,1,2108,0,46,321,0,4,0,0,13,2493
2019,VERNON,Motorcycle - Standard,0,0,0,0,2,0,0,0,0,0,2
2019,VERNON,Passenger - Standard,0,2,0,9,135,0,0,0,0,0,146
2019,VERNON,Light Truck,0,49,0,12,111,0,0,0,0,0,172
2019,VERNON,Heavy Truck,0,9,0,0,5,0,0,0,0,0,14
2019,VEYO,Motorcycle - Standard,0,0,0,0,15,0,0,0,0,0,15
2019,VEYO,Passenger - Standard,2,4,0,7,238,7,0,0,0,0,258
2019,VEYO,Light Truck,1,88,0,15,237,3,0,0,0,0,344
2019,VEYO,Heavy Truck,0,20,0,0,0,0,0,0,0,0,20
2019,VINEYARD,Motorcycle - Standard,0,0,0,0,125,0,0,0,0,0,125
2019,VINEYARD,Passenger - Standard,0,21,21,45,2016,89,4,0,17,0,2213
2019,VINEYARD,Light Truck,1,106,2,244,1473,17,1,0,4,0,1848
2019,VINEYARD,Heavy Truck,0,29,0,0,12,0,0,0,0,0,41
2019,VIRGIN,Motorcycle - Standard,0,0,0,0,26,0,0,0,0,0,26
2019,VIRGIN,Passenger - Standard,0,7,1,13,264,10,0,0,0,0,295
2019,VIRGIN,Light Truck,0,76,0,36,346,3,1,0,0,0,462
2019,VIRGIN,Heavy Truck,0,28,0,2,5,0,0,0,0,0,35
2019,WALES,Motorcycle - Standard,0,0,0,0,10,0,0,0,0,0,10
2019,WALES,Passenger - Standard,2,2,0,3,210,2,1,0,0,0,220
2019,WALES,Light Truck,0,52,0,28,175,0,0,0,0,0,255
2019,WALES,Heavy Truck,0,16,0,0,2,0,0,0,0,0,18
2019,WALLSBURG,Motorcycle - Standard,0,0,0,0,28,0,0,0,0,0,28
2019,WALLSBURG,Passenger - Standard,1,3,0,35,358,3,0,0,0,0,400
2019,WALLSBURG,Light Truck,2,183,0,45,350,1,1,0,0,0,582
2019,WALLSBURG,Heavy Truck,0,22,0,0,4,0,0,0,0,0,26
2019,WANSHIP,Motorcycle - Standard,0,0,0,0,46,0,0,0,0,0,46
2019,WANSHIP,Passenger - Standard,1,6,2,14,404,8,2,0,0,0,437
2019,WANSHIP,Light Truck,2,138,0,57,505,1,3,0,0,0,706
2019,WANSHIP,Heavy Truck,0,22,0,0,7,0,0,0,0,0,29
2019,WASHINGTON CITY,Passenger - Standard,0,0,0,0,6,0,0,0,0,0,6
2019,WASHINGTON CITY,Light Truck,0,0,0,1,5,0,0,0,0,0,6
2019,WASHINGTON TERRACE,Motorcycle - Standard,0,0,0,0,79,0,0,0,0,0,79
2019,WASHINGTON TERRACE,Passenger - Standard,0,3,2,66,1442,22,1,0,0,0,1536
2019,WASHINGTON TERRACE,Light Truck,2,100,0,128,822,4,0,0,0,0,1056
2019,WASHINGTON TERRACE,Heavy Truck,0,16,0,0,8,0,0,0,0,0,24
2019,WELLINGTON,Motorcycle - Standard,0,0,0,0,42,0,0,0,0,0,42
2019,WELLINGTON,Passenger - Standard,3,3,1,62,674,8,0,0,0,0,751
2019,WELLINGTON,Light Truck,0,212,0,99,608,2,1,0,0,0,922
2019,WELLINGTON,Heavy Truck,0,62,0,0,14,0,0,0,0,0,76
2019,WELLSVILLE,Motorcycle - Standard,0,0,2,0,183,0,0,0,0,0,185
2019,WELLSVILLE,Passenger - Standard,8,29,5,104,2020,39,6,0,7,0,2218
2019,WELLSVILLE,Light Truck,4,526,0,264,1815,12,0,0,0,0,2621
2019,WELLSVILLE,Heavy Truck,0,199,0,1,27,0,0,0,0,0,227
2019,WENDOVER,Motorcycle - Standard,0,0,0,0,8,0,0,0,0,0,8
2019,WENDOVER,Passenger - Standard,0,1,0,49,449,4,0,0,0,0,503
2019,WENDOVER,Light Truck,1,45,0,46,362,0,0,0,0,0,454
2019,WENDOVER,Heavy Truck,0,23,0,0,1,0,0,0,0,1,25
2019,WEST BOUNTIFUL,Motorcycle - Standard,0,0,0,0,202,0,0,0,0,0,202
2019,WEST BOUNTIFUL,Passenger - Standard,4,12,5,113,2268,59,7,0,6,0,2474
2019,WEST BOUNTIFUL,Light Truck,6,319,0,227,1655,12,2,0,1,0,2222
2019,WEST BOUNTIFUL,Heavy Truck,1,142,0,1,35,0,0,0,0,0,179
2019,WEST HAVEN,Motorcycle - Standard,0,0,0,0,439,0,0,0,0,0,439
2019,WEST HAVEN,Passenger - Standard,1,48,16,243,5132,104,5,0,17,0,5566
2019,WEST HAVEN,Light Truck,6,1242,1,688,3572,20,4,0,3,0,5536
2019,WEST HAVEN,Heavy Truck,0,397,0,7,87,0,2,0,0,3,496
2019,WEST JORDAN,Motorcycle - Standard,0,0,1,0,2523,0,0,0,0,0,2524
2019,WEST JORDAN,Passenger - Low Speed,0,0,0,0,1,0,0,0,0,0,1
2019,WEST JORDAN,Passenger - Standard,41,182,125,2030,45659,1012,56,1,90,0,49196
2019,WEST JORDAN,Light Truck,54,3984,9,4207,26395,172,26,0,7,0,34854
2019,WEST JORDAN,Heavy Truck,31,1226,0,23,470,0,150,0,0,0,1900
2019,WEST POINT,Motorcycle - Standard,0,0,1,0,332,0,0,0,0,0,333
2019,WEST POINT,Passenger - Standard,6,24,7,193,3973,66,4,0,6,0,4279
2019,WEST POINT,Light Truck,4,542,0,418,2447,9,2,0,1,0,3423
2019,WEST POINT,Heavy Truck,0,65,0,1,46,0,0,0,0,0,112
2019,WEST VALLEY CITY,Motorcycle - Standard,0,0,3,1,2083,0,0,0,0,0,2087
2019,WEST VALLEY CITY,Passenger - Low Speed,0,0,0,0,1,0,0,0,0,0,1
2019,WEST VALLEY CITY,Passenger - Standard,64,157,84,2445,48460,858,36,0,55,1,52160
2019,WEST VALLEY CITY,Light Truck,35,2909,2,4512,26789,148,33,0,8,1,34437
2019,WEST VALLEY CITY,Heavy Truck,3,3606,0,24,683,0,141,0,0,0,4457
2019,WHITEROCKS,Motorcycle - Standard,0,0,0,0,9,0,0,0,0,0,9
2019,WHITEROCKS,Passenger - Standard,0,0,0,19,151,1,0,0,0,0,171
2019,WHITEROCKS,Light Truck,0,30,0,39,164,1,0,0,0,0,234
2019,WHITEROCKS,Heavy Truck,0,9,0,0,1,0,0,0,0,0,10
2019,WILLARD,Motorcycle - Standard,0,0,0,0,187,0,0,1,0,0,188
2019,WILLARD,Passenger - Low Speed,0,0,0,0,1,0,0,0,0,0,1
2019,WILLARD,Passenger - Standard,5,31,3,83,2027,41,5,0,5,0,2200
2019,WILLARD,Light Truck,8,584,0,202,1475,7,1,0,1,0,2278
2019,WILLARD,Heavy Truck,0,138,0,1,33,0,0,0,0,0,172
2019,WOODLAND HILLS,Motorcycle - Standard,0,0,1,0,67,0,0,0,0,0,68
2019,WOODLAND HILLS,Passenger - Standard,1,11,3,23,603,19,2,0,4,0,666
2019,WOODLAND HILLS,Light Truck,0,110,1,53,480,9,2,0,1,0,656
2019,WOODLAND HILLS,Heavy Truck,0,45,0,0,8,0,0,0,0,0,53
2019,WOODRUFF,Motorcycle - Standard,0,0,0,0,4,0,0,0,0,0,4
2019,WOODRUFF,Passenger - Standard,0,1,0,12,140,2,0,0,0,0,155
2019,WOODRUFF,Light Truck,0,87,0,32,155,0,0,0,0,0,274
2019,WOODRUFF,Heavy Truck,0,19,0,0,2,0,0,0,0,0,21
2019,WOODS CROSS,Motorcycle - Standard,0,0,0,1,312,0,0,0,0,0,313
2019,WOODS CROSS,Passenger - Standard,3,18,17,173,4174,97,7,0,16,1,4506
2019,WOODS CROSS,Light Truck,1,401,1,558,2738,23,1,0,0,0,3723
2019,WOODS CROSS,Heavy Truck,0,257,0,4,57,0,0,0,0,0,318
